Date/Time,Word Count,de,de-CH,en,en-US-POSIX,es,fr,it,ja,ko,pl,pt-BR,ru,tr,tt-RU,uk,zh,zh-CN,zh-HK,zh-TW
2022.11.21-15.57.14,62271,0,0,0,62271,0,0,0,0,0,0,0,0,0,0,0,0,0,0,0
2022.11.21-16.03.01,62275,0,0,0,62275,0,0,0,0,0,0,0,0,0,0,0,0,0,0,0
2022.11.21-16.15.48,62275,203,0,32835,62275,7,203,203,101,203,203,7,203,7,0,0,7,0,0,203
2022.11.22-12.06.31,62334,0,0,0,62334,0,0,0,0,0,0,0,0,0,0,0,0,0,0,0
2022.11.22-12.27.28,62334,203,0,33034,62334,7,203,203,101,203,203,7,203,7,0,0,7,0,0,203
2022.11.22-16.57.01,62428,0,0,0,62428,0,0,0,0,0,0,0,0,0,0,0,0,0,0,0
2022.11.22-17.13.55,62813,0,0,0,62813,0,0,0,0,0,0,0,0,0,0,0,0,0,0,0
2022.11.22-17.18.40,62813,203,0,32664,62813,7,203,203,101,203,203,7,203,7,0,0,7,0,0,203
2022.11.24-14.05.44,63299,203,0,32490,63299,7,203,203,101,203,203,7,203,7,0,0,7,0,0,203
2022.11.24-14.26.10,63299,203,0,34105,63299,7,203,203,101,203,203,7,203,7,0,0,7,0,0,203
2022.11.24-16.47.49,63343,203,0,34034,63343,7,203,203,101,203,203,7,203,7,0,0,7,0,0,203
2022.11.24-16.52.26,63343,203,0,34372,63343,7,203,203,101,203,203,7,203,7,0,0,7,0,0,203
2022.11.25-13.30.43,63711,0,0,0,63711,0,0,0,0,0,0,0,0,0,0,0,0,0,0,0
2022.11.25-13.51.05,63735,0,0,0,63735,0,0,0,0,0,0,0,0,0,0,0,0,0,0,0
2022.11.25-13.56.50,63735,203,0,34823,63735,7,203,203,101,203,203,7,203,7,0,0,7,0,0,203
2022.11.25-15.27.13,63732,203,0,34811,63732,7,203,203,101,203,203,7,203,7,0,0,7,0,0,203
2022.11.25-15.32.22,63732,203,0,35000,63732,7,203,203,101,203,203,7,203,7,0,0,7,0,0,203
2022.12.05-13.16.08,66520,203,0,34922,66520,7,203,203,101,203,203,7,203,7,0,0,7,0,0,203
2022.12.05-13.22.09,66520,203,0,35550,66520,7,203,203,101,203,203,7,203,7,0,0,7,0,0,203
2022.12.08-18.36.57,66520,203,0,35655,66520,7,203,203,101,203,203,7,203,7,0,0,7,0,0,203
2022.12.08-18.39.37,68124,203,0,35465,68124,7,203,203,101,203,203,7,203,7,0,0,7,0,0,203
2022.12.09-13.39.35,68402,203,0,35423,68402,7,203,203,101,203,203,7,203,7,0,0,7,0,0,203
2022.12.09-13.45.54,68402,203,0,35879,68402,7,203,203,101,203,203,7,203,7,0,0,7,0,0,203
2022.12.12-12.20.28,68419,203,0,35863,68419,7,203,203,101,203,203,7,203,7,0,0,7,0,0,203
2022.12.12-12.31.42,68419,203,0,36024,68419,7,203,203,101,203,203,7,203,7,0,0,7,0,0,203
2022.12.21-11.27.23,62814,203,0,28774,62814,7,203,203,101,203,203,7,203,7,0,0,7,0,0,203
2022.12.21-11.31.09,62814,203,0,30981,62814,7,203,203,101,203,203,7,203,7,0,0,7,0,0,203
2022.12.22-09.56.50,62946,203,0,30967,62946,7,203,203,101,203,203,7,203,7,0,0,7,0,0,203
2022.12.22-10.03.18,62946,203,0,31876,62946,7,203,203,101,203,203,7,203,7,0,0,7,0,0,203
2022.12.22-16.32.36,63121,203,0,31841,63121,7,203,203,101,203,203,7,203,7,0,0,7,0,0,203
2022.12.22-16.39.11,63121,203,0,32070,63121,7,203,203,101,203,203,7,203,7,0,0,7,0,0,203
2022.12.23-13.06.16,63241,203,0,31954,63241,7,203,203,101,203,203,7,203,7,0,0,7,0,0,203
2022.12.23-13.12.31,63241,203,0,32086,63241,7,203,203,101,203,203,7,203,7,0,0,7,0,0,203
2022.12.28-10.26.07,60643,203,0,29940,60643,7,203,203,101,203,203,7,203,7,0,0,7,0,0,203
2022.12.28-10.31.28,60643,203,0,30066,60643,7,203,203,101,203,203,7,203,7,0,0,7,0,0,203
2022.12.30-10.47.45,62394,203,0,29544,62394,7,203,203,101,203,203,7,203,7,0,0,7,0,0,203
2022.12.30-10.52.14,62394,203,0,29696,62394,7,203,203,101,203,203,7,203,7,0,0,7,0,0,203
2023.01.05-09.18.26,61948,203,0,28815,61948,7,203,203,101,203,203,7,203,7,0,0,7,0,0,203
2023.01.05-09.24.12,61948,203,0,29621,61948,7,203,203,101,203,203,7,203,7,0,0,7,0,0,203
2023.01.09-11.44.23,61948,203,0,29730,61948,7,203,203,101,203,203,7,203,7,0,0,7,0,0,203
2023.01.09-11.48.29,62026,203,0,29444,62026,7,203,203,101,203,203,7,203,7,0,0,7,0,0,203
2023.01.10-16.54.44,58890,203,0,28845,58890,7,203,203,101,203,203,7,203,7,0,0,7,0,0,203
2023.01.10-17.06.48,58890,203,0,29135,58890,7,203,203,101,203,203,7,203,7,0,0,7,0,0,203
2023.01.13-11.39.33,58890,203,0,29243,58890,7,203,203,101,203,203,7,203,7,0,0,7,0,0,203
2023.01.13-11.58.41,59838,203,0,29142,59838,7,203,203,101,203,203,7,203,7,0,0,7,0,0,203
2023.01.16-13.00.08,59838,203,0,29565,59838,7,203,203,101,203,203,7,203,7,0,0,7,0,0,203
2023.01.16-13.07.21,59673,203,0,29368,59673,7,203,203,101,203,203,7,203,7,0,0,7,0,0,203
2023.01.17-08.57.03,59752,203,0,29302,59752,7,203,203,101,203,203,7,203,7,0,0,7,0,0,203
2023.01.17-09.02.10,59752,203,0,29667,59752,7,203,203,101,203,203,7,203,7,0,0,7,0,0,203
2023.01.17-15.05.14,60229,203,0,29550,60229,7,203,203,101,203,203,7,203,7,0,0,7,0,0,203
2023.01.17-15.14.11,60229,203,0,29679,60229,7,203,203,101,203,203,7,203,7,0,0,7,0,0,203
2023.01.20-13.14.07,62038,203,0,29618,62038,7,203,203,101,203,203,7,203,7,0,0,7,0,0,203
2023.01.20-13.19.13,62038,203,0,30039,62038,7,203,203,101,203,203,7,203,7,0,0,7,0,0,203
2023.01.23-17.12.01,61936,203,0,30018,61936,7,203,203,101,203,203,7,203,7,0,0,7,0,0,203
2023.01.23-17.17.11,61936,203,0,30180,61936,7,203,203,101,203,203,7,203,7,0,0,7,0,0,203
2023.01.24-09.11.45,61936,203,0,30184,61936,7,203,203,101,203,203,7,203,7,0,0,7,0,0,203
2023.01.24-09.14.45,61991,203,0,30184,61991,7,203,203,101,203,203,7,203,7,0,0,7,0,0,203
2023.01.26-15.18.44,61991,203,0,30841,61991,7,203,203,101,203,203,7,203,7,0,0,7,0,0,203
2023.01.26-15.35.31,62520,203,0,30733,62520,7,203,203,101,203,203,7,203,7,0,0,7,0,0,203
2023.01.27-09.09.57,62520,203,0,31132,62520,7,203,203,101,203,203,7,203,7,0,0,7,0,0,203
2023.01.30-19.16.12,62520,203,0,31388,62520,7,203,203,101,203,203,7,203,7,0,0,7,0,0,203
2023.01.30-19.19.26,65265,203,0,31355,65265,7,203,203,101,203,203,7,203,7,0,0,7,0,0,203
2023.01.31-16.28.13,65630,203,0,31282,65630,7,203,203,101,203,203,7,203,7,0,0,7,0,0,203
2023.01.31-16.34.08,65630,203,0,31822,65630,7,203,203,101,203,203,7,203,7,0,0,7,0,0,203
2023.02.01-10.20.59,66081,203,0,31723,66081,7,203,203,101,203,203,7,203,7,0,0,7,0,0,203
2023.02.01-10.26.31,66081,203,0,32079,66081,7,203,203,101,203,203,7,203,7,0,0,7,0,0,203
2023.02.02-10.16.24,66081,203,0,32799,66081,7,203,203,101,203,203,7,203,7,0,0,7,0,0,203
2023.02.02-10.27.17,66948,203,0,32735,66948,7,203,203,101,203,203,7,203,7,0,0,7,0,0,203
2023.02.03-10.25.27,66973,203,0,32735,66973,7,203,203,101,203,203,7,203,7,0,0,7,0,0,203
2023.02.03-10.33.17,66973,203,0,33318,66973,7,203,203,101,203,203,7,203,7,0,0,7,0,0,203
2023.02.06-09.32.07,66962,203,0,33167,66962,7,203,203,101,203,203,7,203,7,0,0,7,0,0,203
2023.02.06-09.41.58,66962,203,0,33559,66962,7,203,203,101,203,203,7,203,7,0,0,7,0,0,203
2023.02.07-16.27.33,67074,203,0,33548,67074,7,203,203,101,203,203,7,203,7,0,0,7,0,0,203
2023.02.07-16.33.42,67074,203,0,33924,67074,7,203,203,101,203,203,7,203,7,0,0,7,0,0,203
2023.02.08-13.04.50,67074,203,0,34062,67074,7,203,203,101,203,203,7,203,7,0,0,7,0,0,203
2023.02.08-13.09.03,67250,203,0,34015,67250,7,203,203,101,203,203,7,203,7,0,0,7,0,0,203
2023.02.09-13.42.33,69444,203,0,33707,69444,7,203,203,101,203,203,7,203,7,0,0,7,0,0,203
2023.02.09-13.51.55,69444,203,0,34016,69444,7,203,203,101,203,203,7,203,7,0,0,7,0,0,203
2023.02.09-14.33.24,69444,203,0,33752,69444,7,203,203,101,203,203,7,203,7,0,0,7,0,0,203
2023.02.09-14.56.24,69444,203,0,34016,69444,7,203,203,101,203,203,7,203,7,0,0,7,0,0,203
2023.02.13-09.10.32,69444,203,0,33885,69444,7,203,203,101,203,203,7,203,7,0,0,7,0,0,203
2023.02.13-09.16.09,69682,203,0,33434,69682,7,203,203,101,203,203,7,203,7,0,0,7,0,0,203
2023.02.14-11.22.20,70048,203,0,33367,70048,7,203,203,101,203,203,7,203,7,0,0,7,0,0,203
2023.02.14-11.28.34,70048,203,0,33979,70048,7,203,203,101,203,203,7,203,7,0,0,7,0,0,203
2023.02.15-09.19.16,70212,203,0,33971,70212,7,203,203,101,203,203,7,203,7,0,0,7,0,0,203
2023.02.15-09.30.29,70212,203,0,34084,70212,7,203,203,101,203,203,7,203,7,0,0,7,0,0,203
2023.02.15-15.18.25,70212,203,0,34325,70212,7,203,203,101,203,203,7,203,7,0,0,7,0,0,203
2023.02.15-15.22.48,70257,203,0,34325,70257,7,203,203,101,203,203,7,203,7,0,0,7,0,0,203
2023.02.16-13.53.52,70340,203,0,34325,70340,7,203,203,101,203,203,7,203,7,0,0,7,0,0,203
2023.02.16-14.04.59,70340,203,0,34715,70340,7,203,203,101,203,203,7,203,7,0,0,7,0,0,203
2023.02.16-15.36.27,70284,203,0,34645,70284,7,203,203,101,203,203,7,203,7,0,0,7,0,0,203
2023.02.16-16.41.59,70299,203,0,34645,70299,7,203,203,101,203,203,7,203,7,0,0,7,0,0,203
2023.02.17-17.43.59,70299,203,0,34924,70299,7,203,203,101,203,208,7,203,7,0,0,7,0,0,203
2023.02.17-17.50.12,70669,203,0,34947,70669,7,203,203,101,203,208,7,203,7,0,0,7,0,0,203
2023.02.22-16.39.37,70669,203,0,35479,70669,7,203,203,101,203,208,7,203,7,0,0,7,0,0,203
2023.02.22-16.44.10,71797,203,0,35453,71797,7,203,203,101,203,208,7,203,7,0,0,7,0,0,203
2023.02.23-11.39.03,71797,203,0,35579,71797,7,203,203,101,203,208,7,203,7,0,0,7,0,0,203
2023.02.23-11.43.28,71815,203,0,35569,71815,7,203,203,101,203,208,7,203,7,0,0,7,0,0,203
2023.02.24-14.33.41,71699,203,0,35474,71699,7,203,203,101,203,208,7,203,7,0,0,7,0,0,203
2023.02.24-14.58.20,71699,203,0,36175,71699,7,203,203,101,203,208,7,203,7,0,0,7,0,0,203
2023.02.24-17.05.20,71699,203,0,36203,71699,7,203,203,101,203,208,7,203,7,0,0,7,0,0,203
2023.02.28-10.56.19,71406,203,0,36040,71406,7,203,203,101,203,208,7,203,7,0,0,7,0,0,203
2023.03.01-09.20.45,71317,203,0,35830,71317,7,203,203,101,203,208,7,203,7,0,0,7,0,0,203
2023.03.01-09.34.01,71317,203,0,36599,71317,7,203,203,101,203,208,7,203,7,0,0,7,0,0,203
2023.03.02-09.58.42,72581,203,0,36440,72581,7,203,203,101,203,208,7,203,7,0,0,7,0,0,203
2023.03.02-10.05.22,72581,203,0,37456,72581,7,203,203,101,203,208,7,203,7,0,0,7,0,0,203
2023.03.02-13.05.10,72577,203,0,37408,72577,7,203,203,101,203,208,7,203,7,0,0,7,0,0,203
2023.03.02-13.13.30,72577,203,0,37817,72577,7,203,203,101,203,208,7,203,7,0,0,7,0,0,203
2023.03.02-17.05.33,72577,203,0,38101,72577,7,203,203,101,203,208,7,203,7,0,0,7,0,0,203
2023.03.06-11.46.50,72577,203,0,39316,72577,7,203,203,101,203,208,7,203,7,0,0,7,0,0,203
2023.03.06-11.53.33,72607,203,0,39296,72607,7,203,203,101,203,208,7,203,7,0,0,7,0,0,203
2023.03.06-16.20.14,73134,203,0,39272,73134,7,203,203,101,203,208,7,203,7,0,0,7,0,0,203
2023.03.07-09.36.52,73181,203,0,39272,73181,7,203,203,101,203,208,7,203,7,0,0,7,0,0,203
2023.03.07-09.46.37,73181,203,0,39593,73181,7,203,203,101,203,208,7,203,7,0,0,7,0,0,203
2023.03.07-16.24.32,73181,203,0,39775,73181,7,203,203,101,203,208,7,203,7,0,0,7,0,0,203
2023.03.07-16.28.09,73508,203,0,39688,73508,7,203,203,101,203,208,7,203,7,0,0,7,0,0,203
2023.03.09-11.30.15,73508,203,0,40028,73508,7,203,203,101,203,208,7,203,7,0,0,7,0,0,203
2023.03.09-11.35.03,74728,203,0,39823,74728,7,203,203,101,203,208,7,203,7,0,0,7,0,0,203
2023.03.09-14.21.35,74728,203,0,40030,74728,7,203,203,101,203,208,7,203,7,0,0,7,0,0,203
2023.03.09-14.29.20,74802,203,0,40026,74802,7,203,203,101,203,208,7,203,7,0,0,7,0,0,203
2023.03.10-09.50.07,76344,203,0,40026,76344,7,203,203,101,203,208,7,203,7,0,0,7,0,0,203
2023.03.10-09.57.49,76344,203,0,40424,76344,7,203,203,101,203,208,7,203,7,0,0,7,0,0,203
2023.03.10-18.00.31,76344,203,0,40742,76344,7,203,203,101,203,208,7,203,7,0,0,7,0,0,203
2023.03.10-18.05.48,76684,203,0,40674,76684,7,203,203,101,203,208,7,203,7,0,0,7,0,0,203
2023.03.13-10.41.41,76684,203,0,40859,76684,7,203,203,101,203,208,7,203,7,0,0,7,0,0,203
2023.03.13-10.54.49,76888,203,0,40856,76888,7,203,203,101,203,208,7,203,7,0,0,7,0,0,203
2023.03.16-12.19.15,77877,203,0,40528,77877,7,203,203,101,203,208,7,203,7,0,0,7,0,0,203
2023.03.16-12.35.02,77877,203,0,41952,77877,7,203,203,101,203,208,7,203,7,0,0,7,0,0,203
2023.03.21-18.16.51,77877,203,0,42511,77877,7,203,203,101,203,208,7,203,7,0,0,7,0,0,203
2023.03.21-18.21.31,80610,203,0,42263,80610,7,203,203,101,203,208,7,203,7,0,0,7,0,0,203
2023.03.23-10.30.21,80610,203,0,42989,80610,7,203,203,101,203,208,7,203,7,0,0,7,0,0,203
2023.03.23-10.35.16,81373,203,0,42984,81373,7,203,203,101,203,208,7,203,7,0,0,7,0,0,203
2023.03.23-15.00.08,81406,203,0,42969,81406,7,203,203,101,203,208,7,203,7,0,0,7,0,0,203
2023.03.23-15.07.45,81406,203,0,45495,81406,7,203,203,101,203,208,7,203,7,0,0,7,0,0,203
2023.03.24-12.28.43,81414,203,0,45495,81414,7,203,203,101,203,208,7,203,7,0,0,7,0,0,203
2023.03.24-12.40.29,81414,203,0,47803,81414,7,203,203,101,203,208,7,203,7,0,0,7,0,0,203
2023.03.24-13.32.00,80374,203,0,47420,80374,7,203,203,101,203,208,7,203,7,0,0,7,0,0,203
2023.03.24-13.40.01,80374,203,0,47522,80374,7,203,203,101,203,208,7,203,7,0,0,7,0,0,203
2023.03.29-15.05.00,79845,203,0,47455,79845,7,203,203,101,203,208,7,203,7,0,0,7,0,0,203
2023.03.29-15.18.07,79845,203,0,48511,79845,7,203,203,101,203,208,7,203,7,0,0,7,0,0,203
2023.04.07-10.52.50,79845,203,0,48940,79845,7,203,203,101,203,208,7,203,7,0,0,7,0,0,203
2023.04.07-10.59.08,77122,203,0,46997,77122,7,203,203,101,203,208,7,203,7,0,0,7,0,0,203
2023.04.17-16.18.26,78289,203,0,46702,78289,7,203,203,101,203,208,7,203,7,0,0,7,0,0,203
2023.04.17-16.25.18,78289,203,0,47481,78289,7,203,203,101,203,208,7,203,7,0,0,7,0,0,203
2023.04.20-14.48.52,78289,203,0,47641,78289,7,203,203,101,203,208,7,203,7,0,0,7,0,0,203
2023.04.20-14.54.36,73129,203,0,42589,73129,7,203,203,101,203,208,7,203,7,0,0,7,0,0,203
2023.04.20-17.37.55,73136,203,0,42589,73136,7,203,203,101,203,208,7,203,7,0,0,7,0,0,203
2023.04.20-17.45.35,73136,203,0,43563,73136,7,203,203,101,203,208,7,203,7,0,0,7,0,0,203
2023.04.21-14.17.58,73136,203,0,44242,73136,7,203,203,101,203,208,7,203,7,0,0,7,0,0,203
2023.04.25-14.30.54,77202,203,0,44225,77202,7,203,203,101,203,208,7,203,7,0,0,7,0,0,203
2023.04.25-14.39.57,77202,203,0,44351,77202,7,203,203,101,203,208,7,203,7,0,0,7,0,0,203
2023.04.27-14.33.33,77832,0,0,43903,77832,0,0,0,0,0,5,0,0,0,0,0,0,0,0,0
2023.04.27-14.40.07,77832,0,0,43928,77832,0,0,0,0,0,5,0,0,0,0,0,0,0,0,0
2023.04.27-17.57.30,78388,0,0,43927,78388,0,0,0,0,0,5,0,0,0,0,0,0,0,0,0
2023.05.08-16.38.01,79294,0,0,43522,79294,0,0,0,0,0,5,0,0,0,0,0,0,0,0,0
2023.05.08-17.02.01,79294,0,0,43775,79294,0,0,0,0,0,5,0,0,0,0,0,0,0,0,0
2023.05.09-16.02.03,79664,0,0,43763,79664,0,0,0,0,0,5,0,0,0,0,0,0,0,0,0
2023.05.10-10.55.01,79666,0,0,43763,79666,0,0,0,0,0,5,0,0,0,0,0,0,0,0,0
2023.05.10-11.02.15,79666,0,0,43962,79666,0,0,0,0,0,5,0,0,0,0,0,0,0,0,0
2023.05.10-12.06.34,79666,0,0,44030,79666,0,0,0,0,0,5,0,0,0,0,0,0,0,0,0
2023.05.10-12.16.41,79662,0,0,44030,79662,0,0,0,0,0,5,0,0,0,0,0,0,0,0,0
2023.05.11-09.57.58,79940,0,0,43944,79940,0,0,0,0,0,5,0,0,0,0,0,0,0,0,0
2023.05.11-10.05.06,79940,0,0,44245,79940,0,0,0,0,0,5,0,0,0,0,0,0,0,0,0
2023.05.12-15.21.20,79940,0,0,44430,79940,0,0,0,0,0,5,0,0,0,0,0,0,0,0,0
2023.05.17-11.50.15,80783,0,0,44369,80783,0,0,0,0,0,5,0,0,0,0,0,0,0,0,0
2023.05.17-12.06.30,80783,0,0,45096,80783,0,0,0,0,0,5,0,0,0,0,0,0,0,0,0
2023.05.17-17.03.34,81478,0,0,45078,81478,0,0,0,0,0,5,0,0,0,0,0,0,0,0,0
2023.05.19-15.07.23,82206,0,0,44744,82206,0,0,0,0,0,5,0,0,0,0,0,0,0,0,0
2023.05.19-17.39.46,82206,1,0,45627,82206,1,1,1,1,1,6,1,1,1,0,0,1,0,0,1
2023.05.19-17.42.26,81993,1,0,45188,81993,1,1,1,1,1,6,1,1,1,0,0,1,0,0,1
2023.05.22-17.47.01,81993,1,0,47189,81993,1,1,1,1,1,6,1,1,1,0,0,1,0,0,1
2023.05.22-18.22.19,83390,1,0,47182,83390,1,1,1,1,1,6,1,1,1,0,0,1,0,0,1
2023.05.24-17.23.44,83390,1,0,48488,83390,1,1,1,1,1,6,1,1,1,0,0,1,0,0,1
2023.05.24-17.28.40,83661,1,0,48281,83661,1,1,1,1,1,6,1,1,1,0,0,1,0,0,1
2023.05.25-15.03.56,83661,1,0,48535,83661,1,1,1,1,1,6,1,1,1,0,0,1,0,0,1
2023.05.25-15.10.24,84373,1,0,48621,84373,1,1,1,1,1,6,1,1,1,0,0,1,0,0,1
2023.05.26-10.59.10,84712,1,0,48367,84712,1,1,1,1,1,6,1,1,1,0,0,1,0,0,1
2023.05.26-11.05.58,84712,1,0,48655,84712,1,1,1,1,1,6,1,1,1,0,0,1,0,0,1
2023.05.26-16.38.30,85065,1,0,48652,85065,1,1,1,1,1,6,1,1,1,0,0,1,0,0,1
2023.05.26-16.45.40,85065,1,0,48772,85065,1,1,1,1,1,6,1,1,1,0,0,1,0,0,1
2023.05.26-17.29.53,85028,1,0,48755,85028,1,1,1,1,1,6,1,1,1,0,0,1,0,0,1
2023.06.05-10.34.45,86344,1,0,46496,86344,1,1,1,1,1,6,1,1,1,0,0,1,0,0,1
2023.06.05-10.42.33,86344,1,0,46586,86344,1,1,1,1,1,6,1,1,1,0,0,1,0,0,1
2023.06.07-13.31.07,86052,1,0,46558,86052,1,1,1,1,1,6,1,1,1,0,0,1,0,0,1
2023.06.07-13.39.20,86052,1,0,52320,86052,1,1,1,1,1,6,1,1,1,0,0,1,0,0,1
2023.06.12-17.06.14,86325,1,0,52120,86325,1,1,1,1,1,6,1,1,1,0,0,1,0,0,1
2023.06.12-17.13.52,86325,1,0,52331,86325,1,1,1,1,1,6,1,1,1,0,0,1,0,0,1
2023.06.14-10.42.58,86242,1,0,51990,86242,1,1,1,1,1,6,1,1,1,0,0,1,0,0,1
2023.06.14-10.52.20,86242,1,0,52070,86242,1,1,1,1,1,6,1,1,1,0,0,1,0,0,1
2023.06.16-09.46.34,90000,1,0,51885,90000,1,1,1,1,1,6,1,1,1,0,0,1,0,0,1
2023.06.16-09.55.01,90000,1,0,52923,90000,1,1,1,1,1,6,1,1,1,0,0,1,0,0,1
2023.06.21-10.27.16,72377,1,0,39092,72377,1,1,1,1,1,6,1,1,1,0,0,1,0,0,1
2023.06.21-10.48.00,72377,1,0,39549,72377,1,1,1,1,1,6,1,1,1,0,0,1,0,0,1
2023.06.22-17.03.51,75865,1,0,38658,75865,1,1,1,1,1,6,1,1,1,0,0,1,0,0,1
2023.06.22-17.10.11,75865,1,0,38581,75865,1,1,1,1,1,6,1,1,1,0,0,1,0,0,1
2023.06.22-17.21.49,75865,1,0,38640,75865,1,1,1,1,1,6,1,1,1,0,0,1,0,0,1
2023.06.30-12.35.12,72800,1,0,34516,72800,1,1,1,1,1,6,1,1,1,0,0,1,0,0,1
2023.06.30-12.44.25,72800,1,0,36145,72800,1,1,1,1,1,6,1,1,1,0,0,1,0,0,1
2023.07.03-16.58.42,73157,1,0,35565,73157,1,1,1,1,1,6,1,1,1,0,0,1,0,0,1
2023.07.03-17.07.32,73157,1,0,35850,73157,1,1,1,1,1,6,1,1,1,0,0,1,0,0,1
2023.07.11-12.58.52,76597,1,0,35167,76597,1,1,1,1,1,6,1,1,1,0,0,1,0,0,1
2023.07.11-13.08.41,76597,1,0,35752,76597,1,1,1,1,1,6,1,1,1,0,0,1,0,0,1
2023.07.12-16.28.05,78310,1,0,35634,78310,1,1,1,1,1,6,1,1,1,0,0,1,0,0,1
2023.07.12-16.45.44,78310,1,0,35805,78310,1,1,1,1,1,6,1,1,1,0,0,1,0,0,1
2023.07.13-10.02.15,78446,1,0,35644,78446,1,1,1,1,1,6,1,1,1,0,0,1,0,0,1
2023.07.13-10.10.45,78446,1,0,35754,78446,1,1,1,1,1,6,1,1,1,0,0,1,0,0,1
2023.07.13-15.39.09,78446,1,0,35773,78446,1,1,1,1,1,6,1,1,1,0,0,1,0,0,1
2023.07.13-15.44.14,78843,1,0,35679,78843,1,1,1,1,1,6,1,1,1,0,0,1,0,0,1
2023.07.17-13.59.22,78843,1,0,36136,78843,1,1,1,1,1,6,1,1,1,0,0,1,0,0,1
2023.07.17-14.22.42,80471,1,0,36019,80471,1,1,1,1,1,6,1,1,1,0,0,1,0,0,1
2023.07.18-12.42.12,80471,1,0,36774,80471,1,1,1,1,1,6,1,1,1,0,0,1,0,0,1
2023.07.18-12.50.00,81391,1,0,36747,81391,1,1,1,1,1,6,1,1,1,0,0,1,0,0,1
2023.07.19-10.49.06,81391,1,0,37094,81391,1,1,1,1,1,6,1,1,1,0,0,1,0,0,1
2023.07.19-10.52.03,82296,1,0,37073,82296,1,1,1,1,1,6,1,1,1,0,0,1,0,0,1
2023.07.19-11.26.39,82296,1,0,37120,82296,1,1,1,1,1,6,1,1,1,0,0,1,0,0,1
2023.07.19-11.29.32,82296,1,0,37112,82296,1,1,1,1,1,6,1,1,1,0,0,1,0,0,1
2023.07.20-12.28.31,82296,1,0,37394,82296,1,1,1,1,1,6,1,1,1,0,0,1,0,0,1
2023.07.20-12.32.53,82623,1,0,37147,82623,1,1,1,1,1,6,1,1,1,0,0,1,0,0,1
2023.07.20-18.04.42,82623,1,0,37467,82623,1,1,1,1,1,6,1,1,1,0,0,1,0,0,1
2023.07.20-18.11.52,82989,1,0,37416,82989,1,1,1,1,1,6,1,1,1,0,0,1,0,0,1
2023.07.20-19.01.01,82989,1,0,37542,82989,1,1,1,1,1,6,1,1,1,0,0,1,0,0,1
2023.07.20-19.03.59,82998,1,0,37542,82998,1,1,1,1,1,6,1,1,1,0,0,1,0,0,1
2023.07.21-18.08.24,82998,1,0,38013,82998,1,1,1,1,1,6,1,1,1,0,0,1,0,0,1
2023.07.21-18.15.40,84018,1,0,37926,84018,1,1,1,1,1,6,1,1,1,0,0,1,0,0,1
2023.08.02-15.52.07,84797,1,0,37519,84797,1,1,1,1,1,6,1,1,1,0,0,1,0,0,1
2023.08.02-16.01.38,84797,1,0,53752,84797,1,1,1,1,1,6,1,1,1,0,0,1,0,0,1
2023.08.04-14.14.20,85879,1,0,53698,85879,1,1,1,1,1,6,1,1,1,0,0,1,0,0,1
2023.08.04-14.23.59,85879,1,0,53738,85879,1,1,1,1,1,6,1,1,1,0,0,1,0,0,1
2023.08.08-15.09.10,85968,1,0,53727,85968,1,1,1,1,1,6,1,1,1,0,0,1,0,0,1
2023.08.24-14.15.27,87107,1,0,46108,87107,1,1,1,1,1,6,1,1,1,0,0,1,0,0,1
2023.08.24-14.24.51,87107,1,0,46145,87107,1,1,1,1,1,6,1,1,1,0,0,1,0,0,1
2023.08.28-15.14.16,83993,1,0,43769,83993,1,1,1,1,1,6,1,1,1,0,0,1,0,0,1
2023.08.28-15.25.24,83993,1,0,43982,83993,1,1,1,1,1,6,1,1,1,0,0,1,0,0,1
2023.08.31-09.35.02,83993,1,0,44385,83993,1,1,1,1,1,6,1,1,1,0,0,1,0,0,1
2023.09.01-12.32.12,86519,1,0,42347,86519,1,1,1,1,1,6,1,1,1,0,0,1,0,0,1
2023.09.01-12.43.49,86519,1,1,43829,86519,1,1,1,1,1,6,1,1,1,1,1,1,0,1,1
2023.09.01-13.00.16,86981,1,1,43822,86981,1,1,1,1,1,6,1,1,1,1,1,1,0,1,1
2023.09.01-13.17.48,86981,1,1,43828,86981,1,1,1,1,1,6,1,1,1,1,1,1,0,1,1
2023.09.01-14.54.42,86981,1,43272,44151,86981,1,1,1,1,1,6,1,1,1,1,1,1,0,27,1
2023.09.05-16.27.19,86981,1,43452,51301,86981,1,1,1,1,1,6,1,1,1,44574,1,1,0,50422,1
2023.09.12-10.04.17,93374,1,42755,50589,93374,1,1,1,1,1,6,1,1,1,43877,1,1,0,49725,1
2023.09.12-10.13.35,93374,1,42788,51110,93374,1,1,1,1,1,6,1,1,1,43910,1,1,0,49758,1
2023.09.12-13.58.05,93374,1,42788,51162,93374,1,1,1,1,1,6,1,1,1,43910,1,1,0,49758,1
2023.09.12-14.08.04,93963,1,42785,51159,93963,1,1,1,1,1,6,1,1,1,43907,1,1,0,49755,1
2023.09.14-18.22.11,93963,1,42785,51854,93963,1,1,1,1,1,6,1,1,1,43907,1,1,0,49755,1
2023.09.14-18.24.55,95112,1,42765,51836,95112,1,1,1,1,1,6,1,1,1,43887,1,1,0,49735,1
2023.09.14-18.56.32,95112,1,42765,51838,95112,1,1,1,1,1,6,1,1,1,43887,1,1,0,49735,1
2023.09.14-19.00.17,95418,1,42765,51838,95418,1,1,1,1,1,6,1,1,1,43887,1,1,0,49735,1
2023.09.15-14.37.10,95418,1,42765,52247,95418,1,1,1,1,1,6,1,1,1,43887,1,1,0,49735,1
2023.09.15-14.45.11,95845,1,42763,52206,95845,1,1,1,1,1,6,1,1,1,43885,1,1,0,49733,1
2023.09.15-18.16.42,95845,1,42763,52655,95845,1,1,1,1,1,6,1,1,1,43885,1,1,0,49733,1
2023.09.15-18.20.10,96105,1,42763,52655,96105,1,1,1,1,1,6,1,1,1,43885,1,1,0,49733,1
2023.09.15-18.41.44,96105,1,42763,52662,96105,1,1,1,1,1,6,1,1,1,43885,1,1,0,49733,1
2023.09.15-18.44.23,96112,1,42763,52660,96112,1,1,1,1,1,6,1,1,1,43885,1,1,0,49733,1
2023.09.18-17.12.28,96189,1,42763,52660,96189,1,1,1,1,1,6,1,1,1,43885,1,0,1,49733,1
2023.09.18-17.21.32,96189,1,42763,53770,96189,1,1,1,1,1,6,1,1,1,43885,1,0,1,49733,1
2023.09.19-11.19.26,96628,1,42753,53760,96628,1,1,1,1,1,6,1,1,1,43875,1,0,1,49723,1
2023.09.19-11.31.15,96628,1,42763,53770,96628,1,1,1,1,1,6,1,1,1,43885,1,0,1,49733,1
2023.09.19-13.19.20,96635,1,42763,53770,96635,1,1,1,1,1,6,1,1,1,43885,1,0,1,49733,1
2023.09.19-13.37.52,96635,1,42763,53770,96635,1,1,1,1,1,6,1,1,1,43885,1,0,8,49733,8
2023.09.21-08.18.14,96635,1,42763,54137,96635,1,1,1,1,1,6,1,1,1,43885,1,0,8,49733,8
2023.09.21-08.23.09,97779,1,42590,53954,97779,1,1,1,1,1,6,1,1,1,43712,1,0,8,49560,8
2023.09.25-16.12.09,97779,1,42590,54809,97779,1,1,1,1,1,6,1,1,1,43712,1,0,8,49560,8
2023.09.25-16.14.53,99292,1,42543,54720,99292,1,1,1,1,1,6,1,1,1,43665,1,0,8,49513,8
2023.09.27-10.32.28,99292,1,42543,55129,99292,1,1,1,1,1,6,1,1,1,43665,1,0,8,49513,8
2023.09.27-10.45.04,100203,1,42538,49276,100203,1,1,1,1,1,6,1,1,1,43660,1,0,8,43660,8
2023.10.03-10.20.39,103716,1,42499,49226,103716,1,1,1,1,1,6,1,1,1,43621,1,0,8,43621,8
2023.10.03-10.31.54,103716,1,42503,50188,103716,1,1,1,1,1,6,1,1,1,43625,1,0,8,43625,8
2023.10.03-12.59.56,103716,8,42503,50247,103716,8,8,8,8,8,13,8,8,8,43625,8,0,8,43625,8
2023.10.05-14.36.22,103716,8,42503,51461,103716,8,8,8,8,8,13,8,8,8,43625,8,0,8,43625,8
2023.10.05-14.41.08,104762,8,42419,51336,104762,8,8,8,8,8,13,8,8,8,43541,8,0,8,43541,8
2023.10.05-15.30.26,104762,8,42425,51407,104762,8,8,8,8,8,13,8,8,8,43547,8,0,8,43547,8
2023.10.05-15.37.29,104454,8,42172,51107,104454,8,8,8,8,8,13,8,8,8,43294,8,0,8,43294,8
2023.10.05-16.31.01,104454,8,42260,51212,104454,8,8,8,8,8,13,8,8,8,43382,8,0,8,43382,8
2023.10.05-16.38.40,104495,8,42260,51212,104495,8,8,8,8,8,13,8,8,8,43382,8,0,8,43382,8
2023.10.06-18.10.09,104495,8,42260,51461,104495,8,8,8,8,8,13,8,8,8,43382,8,0,8,43382,8
2023.10.06-18.17.42,105250,1,42208,51402,105250,1,1,1,1,1,6,1,1,1,43330,1,0,1,43330,1
2023.10.11-09.23.54,106681,1,42070,51221,106681,1,1,1,1,1,6,1,1,1,43192,1,0,1,43192,1
2023.10.11-09.34.23,106681,1,42072,51937,106681,1,1,1,1,1,6,1,197,1,43194,1,0,1,43194,1
2023.10.11-17.20.30,106436,1,41781,51625,106436,1,1,1,1,1,6,1,197,1,42903,1,0,1,42903,1
2023.10.11-17.31.15,106436,1,41786,52134,106436,1,1,849,1,1,909,1,197,1,42908,1,0,1,42908,1
2023.10.18-12.04.13,108806,1,41680,51976,108806,1,1,849,1,1,909,1,197,1,42802,1,0,1,42802,1
2023.10.18-12.19.02,108806,849,41683,52636,108806,849,849,849,1,1,909,849,1045,849,42805,849,0,1,42805,1
2023.10.20-14.54.15,108806,849,41659,53005,108806,849,2388,849,1,1,915,849,1045,849,42781,849,0,1,42781,1
2023.10.20-16.34.00,110626,849,41581,52883,110626,849,2388,849,1,1,915,849,1045,849,42703,849,0,1,42703,1
2023.10.23-09.25.40,110626,849,41634,53346,110626,849,2388,849,1,1,915,849,1045,849,42756,849,0,1,42756,1
2023.10.23-09.29.30,110708,849,41427,53093,110708,849,2388,849,1,1,915,849,1045,849,42549,849,0,1,42549,1
2023.10.23-16.48.17,110708,2388,41427,53617,110708,849,2388,849,1,1,2448,2388,1045,2388,42549,2388,0,1,42549,1
2023.10.23-16.51.46,110809,2388,41427,53615,110809,849,2388,849,1,1,2448,2388,1045,2388,42549,2388,0,1,42549,1
2023.11.08-08.31.26,110809,2388,41373,54815,110809,2388,2388,2388,2388,2388,2448,2388,2584,2388,42495,2388,0,2388,42495,2388
2023.11.08-08.37.41,119341,2378,41097,54598,119341,2378,2378,2378,2378,2378,2438,2378,2574,2378,42219,2378,0,2378,42219,2378
2023.11.09-12.19.09,119341,2378,41091,55620,119341,2378,2378,2378,2378,2378,2438,2378,2574,2378,42213,2378,0,2378,42213,2378
2023.11.09-12.26.29,120989,2378,41081,55697,120989,2378,2378,2378,2378,2378,2438,2378,2574,2378,42203,2378,0,2378,42203,2378
2023.11.13-12.40.03,120989,2378,41068,57483,120989,2378,2378,2378,2378,2378,2438,2378,2574,2378,42190,2378,0,2378,42190,2378
2023.11.13-12.44.58,121747,2378,41169,57424,121747,2378,2378,2378,2378,2378,2438,2378,2574,2378,42291,2378,0,2378,42291,2378
2023.11.14-08.35.46,121747,2378,41169,57949,121747,2378,2378,2378,2378,2378,2438,2378,2574,2378,42291,2378,0,2378,42291,2378
2023.11.14-08.41.54,122100,2378,41146,57860,122100,2378,2378,2378,2378,2378,2438,2378,2574,2378,42267,2378,0,2378,42267,2378
2023.11.14-14.39.04,122950,2378,41123,57836,122950,2378,2378,2378,2378,2378,2438,2378,2574,2378,42244,2378,0,2378,42244,2378
2023.11.14-14.54.34,123132,2378,41123,57829,123132,2378,2378,2378,2378,2378,2438,2378,2574,2378,42244,2378,0,2378,42244,2378
2023.11.14-18.08.21,123439,2378,41123,57829,123439,2378,2378,2378,2378,2378,2438,2378,2574,2378,42244,2378,0,2378,42244,2378
2023.11.14-18.19.02,123439,2378,41123,58571,123439,2378,2378,2378,2378,2378,2438,2378,2574,2378,42244,2378,0,2378,42244,2378
2023.11.15-09.59.20,123759,2378,41123,58571,123759,2378,2378,2378,2378,2378,2438,2378,2574,2378,42244,2378,0,2378,42244,2378
2023.11.15-10.10.00,123759,2378,41123,58878,123759,2378,2378,2378,2378,2378,2438,2378,2574,2378,42244,2378,0,2378,42244,2378
2023.11.15-14.20.49,123759,2378,41123,59222,123759,2378,2378,2378,2378,2378,2438,2378,2574,2378,42244,2378,0,2378,42244,2378
2023.11.15-14.23.22,123864,2378,41120,59219,123864,2378,2378,2378,2378,2378,2438,2378,2574,2378,42241,2378,0,2378,42241,2378
2023.11.15-17.10.25,123891,2378,41120,59219,123891,2378,2378,2378,2378,2378,2438,2378,2574,2378,42241,2378,0,2378,42241,2378
2023.11.15-17.21.18,123891,2378,41123,59419,123891,2378,2378,2378,2378,2378,2438,2378,2574,2378,42244,2378,0,2378,42244,2378
2023.11.16-17.55.40,124226,2378,41096,59310,124226,2378,2378,2378,2378,2378,2438,2378,2574,2378,42217,2378,0,2378,42217,2378
2023.11.16-18.09.37,124226,2378,41096,59507,124226,2378,2378,2378,2378,2378,2438,2378,2574,2378,42217,2378,0,2378,42217,2378
2023.11.17-18.08.03,124628,2378,41092,59503,124628,2378,2378,2378,2378,2378,2438,2378,2574,2378,42213,2378,0,2378,42213,2378
2023.11.17-18.24.09,124628,2378,41093,59812,124628,2378,2378,2378,2378,2378,2438,2378,2574,2378,42214,2378,0,2378,42214,2378
2023.11.21-09.49.21,123691,2378,40269,58946,123691,2378,2378,2378,2378,2378,2438,2378,2574,2378,41390,2378,0,2378,41390,2378
2023.11.21-09.59.44,123691,2378,40269,59188,123691,2378,2378,2378,2378,2378,2438,2378,2574,2378,41390,2378,0,2378,41390,2378
2023.11.21-16.59.36,123494,2378,40205,59122,123494,2378,2378,2378,2378,2378,2438,2378,2574,2378,41326,2378,0,2378,41326,2378
2023.11.21-17.10.15,123494,2378,40205,59178,123494,2378,2378,2378,2378,2378,2438,2378,2574,2378,41326,2378,0,2378,41326,2378
2023.11.22-13.01.05,124091,2378,40205,59088,124091,2378,2378,2378,2378,2378,2438,2378,2574,2378,41326,2378,0,2378,41326,2378
2023.11.22-16.58.03,124332,2378,40205,59088,124332,2378,2378,2378,2378,2378,2438,2378,2574,2378,41326,2378,0,2378,41326,2378
2023.11.22-17.09.10,124332,2378,40205,59664,124332,2378,2378,2378,2378,2378,2438,2378,2574,2378,41326,2378,0,2378,41326,2378
2023.11.23-17.45.31,124924,2378,40158,59488,124924,2378,2378,2378,2378,2378,2437,2378,2574,2378,41279,2378,0,2378,41279,2378
2023.11.23-17.55.31,124924,2378,40158,59893,124924,2378,2378,2378,2378,2378,2437,2378,2574,2378,41279,2378,0,2378,41279,2378
2023.11.24-17.34.44,125108,2378,40149,59841,125108,2378,2378,2378,2378,2378,2437,2378,2574,2378,41270,2378,0,2378,41270,2378
2023.11.24-17.47.18,125108,2378,40149,59888,125108,2378,2378,2378,2378,2378,2437,2378,2574,2378,41270,2378,0,2378,41270,2378
2023.11.27-08.42.20,125108,2378,40149,60006,125108,2378,2378,2378,2378,2378,2437,2378,2574,2378,41270,2378,0,2378,41270,2378
2023.11.27-08.44.36,125402,2378,40067,59914,125402,2378,2378,2378,2378,2378,2437,2378,2574,2378,41188,2378,0,2378,41188,2378
2023.11.27-19.08.31,125505,2378,40021,59867,125505,2378,2378,2378,2378,2378,2437,2378,2574,2378,41142,2378,0,2378,41142,2378
2023.11.27-19.17.28,125505,2378,40183,60137,125505,2378,2378,2378,2378,2378,2437,2378,2574,2378,41304,2378,0,2378,41304,2378
2023.11.28-09.07.00,125545,2378,40183,60125,125545,2378,2378,2378,2378,2378,2437,2378,2574,2378,41304,2378,0,2378,41304,2378
2023.11.28-19.05.49,126528,2378,40173,59959,126528,2378,2378,2378,2378,2378,2437,2378,2574,2378,41294,2378,0,2378,41294,2378
2023.11.28-19.15.01,126528,2378,40173,60085,126528,2378,2378,2378,2378,2378,2437,2378,2574,2378,41294,2378,0,2378,41294,2378
2023.11.29-08.34.35,126528,2378,40173,60094,126528,2378,2378,2378,2378,2378,2437,2378,2574,2378,41294,2378,0,2378,41294,2378
2023.11.29-08.38.33,126769,2378,40173,60094,126769,2378,2378,2378,2378,2378,2437,2378,2574,2378,41294,2378,0,2378,41294,2378
2023.11.29-19.08.10,127101,2378,40090,60011,127101,2378,2378,2378,2378,2378,2437,2378,2574,2378,41211,2378,0,2378,41211,2378
2023.11.29-19.17.50,127101,2378,40144,60814,127101,2378,2378,2378,2378,2378,2437,2378,2574,2378,41265,2378,0,2378,41265,2378
2023.11.30-08.48.25,127108,2378,40144,60814,127108,2378,2378,2378,2378,2378,2437,2378,2574,2378,41265,2378,0,2378,41265,2378
2023.11.30-19.23.45,127663,2378,40144,60812,127663,2378,2378,2378,2378,2378,2437,2378,2574,2378,41265,2378,0,2378,41265,2378
2023.11.30-19.35.07,127663,2378,40144,60942,127663,2378,4603,2378,2378,2378,2437,2378,2574,2378,41265,2378,0,2378,41265,2378
2023.12.01-08.34.55,127702,2378,40144,60927,127702,2378,4603,2378,2378,2378,2437,2378,2574,2378,41265,2378,0,2378,41265,2378
2023.12.01-14.29.21,127836,2378,40125,60908,127836,2378,4603,2378,2378,2378,2437,2378,2574,2378,41246,2378,0,2378,41246,2378
2023.12.01-18.59.44,127979,2378,40125,60908,127979,2378,4603,2378,2378,2378,2437,2378,2574,2378,41246,2378,0,2378,41246,2378
2023.12.01-19.08.31,127979,4603,40135,60936,127979,4603,4603,4603,2378,2378,4662,4603,4799,4603,41256,4603,0,2378,41256,2378
2023.12.04-09.07.22,127979,4603,40135,61042,127979,4603,4603,4603,2378,2378,4662,4603,4799,4603,41256,4603,0,2378,41256,2378
2023.12.04-09.19.18,129433,4603,40129,61036,129433,4603,4603,4603,2378,2378,4662,4603,4799,4603,41250,4603,0,2378,41250,2378
2023.12.04-13.53.46,129433,4603,40129,61203,129433,4603,4603,4603,2378,2378,4662,4603,4799,4603,41250,4603,0,2378,41250,2378
2023.12.04-13.58.05,129497,4603,40129,61203,129497,4603,4603,4603,2378,2378,4662,4603,4799,4603,41250,4603,0,2378,41250,2378
2023.12.04-18.52.53,130006,4603,40126,61139,130006,4603,4603,4603,2378,2378,4662,4603,4799,4603,41247,4603,0,2378,41247,2378
2023.12.04-19.04.34,130006,4603,40130,61325,130006,4603,4603,4603,2378,2378,4662,4603,4799,4603,41251,4603,0,2378,41251,2378
2023.12.05-08.55.33,130739,4603,40105,61283,130739,4603,4603,4603,2378,2378,4662,4603,4799,4603,41226,4603,0,2378,41226,2378
2023.12.05-19.47.30,130977,4603,40100,61255,130977,4603,4603,4603,2378,2378,4662,4603,4799,4603,41221,4603,0,2378,41221,2378
2023.12.05-19.57.45,130977,4603,40116,62491,130977,4603,4603,4603,2378,2378,4662,4603,4799,4603,41237,4603,0,2378,41237,2378
2023.12.06-19.30.00,133017,4603,39893,62259,133017,4603,4603,4603,2378,2378,4662,4603,4799,4603,41014,4603,0,2378,41014,2378
2023.12.06-19.40.06,133017,4603,40096,62743,133017,4603,4603,4603,4588,4588,4662,4603,4799,4603,41217,4603,0,4588,41217,4588
2023.12.07-09.35.54,133028,4603,40096,62736,133028,4603,4603,4603,4588,4588,4662,4603,4799,4603,41217,4603,0,4588,41217,4588
2023.12.08-13.11.03,133028,4603,40096,63298,133028,4603,4603,4603,4588,4588,4662,4603,4799,4603,41217,4603,0,4588,41217,4588
2023.12.08-13.14.57,133781,4603,39959,63165,133781,4603,4603,4603,4588,4588,4662,4603,4799,4603,41080,4603,0,4588,41080,4588
2023.12.08-19.39.18,134251,4603,39956,63157,134251,4603,4603,4603,4588,4588,4662,4603,4799,4603,41077,4603,0,4588,41077,4588
2023.12.08-19.51.23,134251,4603,39956,63233,134251,4603,4603,4603,4588,4588,4662,4603,4799,4603,41077,4603,0,4588,41077,4588
2023.12.09-15.01.16,135542,4603,39954,63162,135542,4603,4603,4603,4588,4588,4662,4603,4799,4603,41075,4603,0,4588,41075,4588
2023.12.18-10.15.14,140790,4603,37702,60692,140790,4603,4603,4603,4588,4588,4662,4603,4799,4603,38823,4603,0,4588,38823,4588
2023.12.18-10.25.44,140790,4603,40305,64194,140790,4603,4603,4603,4588,4588,4662,4603,4799,4603,41426,4603,0,4588,41426,4588
2023.12.18-12.49.44,140797,4603,40305,64194,140797,4603,4603,4603,4588,4588,4662,4603,4799,4603,41426,4603,0,4588,41426,4588
2023.12.18-12.59.19,140797,4603,40305,80710,140797,4603,4603,4603,4588,4588,4662,4603,4799,4603,41426,4603,0,4588,41426,4588
2023.12.18-14.27.08,136624,4603,37621,77095,136624,4603,4603,4603,4588,4588,4662,4603,4799,4603,38742,4603,0,4588,38742,4588
2024.01.03-09.51.23,143438,4603,37567,76935,143438,4603,4603,4603,4588,4588,4662,4603,4799,4603,38688,4603,0,4588,38688,4588
2024.01.03-10.00.49,143438,4603,37591,84744,143438,4603,4603,4603,4588,4588,4662,4603,4799,4603,38712,4603,0,4588,38712,4588
2024.01.10-10.44.40,143438,7281,46054,101886,143438,7281,7281,7281,7266,7266,7340,7281,7579,7281,47469,7281,0,7266,47469,7266
2024.01.12-13.05.23,114497,7120,30916,83783,114497,7120,7120,7120,7105,7105,7179,7120,7418,7120,32281,7120,0,7105,32281,7105
2024.01.12-13.16.18,114497,7120,30938,84048,114497,7120,7120,7120,7105,7105,7179,7120,7418,7120,32303,7120,0,7105,32303,7105
2024.01.12-16.29.30,114992,7120,30935,84045,114992,7120,7120,7120,7105,7105,7179,7120,7418,7120,32300,7120,0,7105,32300,7105
2024.01.12-16.46.39,114992,7120,30937,84220,114992,7120,7120,7120,7105,7105,7179,7120,7418,7120,32302,7120,0,7118,32302,7105
2024.01.17-11.02.45,109898,7120,28344,80667,109898,7120,7120,7120,7105,7105,7179,7120,7418,7120,29709,7120,0,7118,29709,7105
2024.01.17-11.12.32,109898,7120,28344,81221,109898,7120,7120,7120,7105,7105,7179,7120,7418,7120,29709,7120,0,7118,29709,7105
2024.01.18-16.18.59,107702,7119,27242,80002,107702,7119,7119,7119,7104,7104,7178,7119,7417,7119,28607,7119,0,7117,28607,7104
2024.01.18-16.28.32,107702,7119,27242,92599,107702,7119,7119,7119,7104,7104,7178,7119,7417,7119,28607,7119,0,7117,28607,7104
2024.01.19-14.56.31,109942,7119,27200,92523,109942,7119,7119,7119,7104,7104,7178,7119,7417,7119,28565,7119,0,7117,28565,7104
2024.01.19-15.04.30,109942,7119,27220,93481,109942,7119,7119,7119,7104,7104,7178,7119,7417,7119,28585,7119,0,7117,28585,7104
2024.01.30-16.20.13,117866,7119,26382,90880,117866,7119,7119,7119,7104,7104,7178,7119,7417,7119,27747,7119,0,7117,27747,7104
2024.01.30-16.28.12,117866,8916,26520,94782,117866,8916,8916,8916,8902,8902,8975,7119,9214,8916,27885,7119,0,20839,92795,8902
2024.02.07-11.28.55,117866,8916,26486,95391,117866,8916,8916,8916,8902,8902,8975,8916,9214,8916,27851,8916,0,20839,92603,8902
2024.02.07-16.37.47,122173,8916,26501,95008,122173,8916,8916,8916,8902,8902,8975,8916,9214,8916,27866,8916,0,20839,92316,8902
2024.02.07-16.46.02,122173,8916,26501,96092,122173,8916,8916,8916,8902,8902,8975,8916,9214,8916,27866,8916,0,20839,92330,8902
2024.02.09-18.32.07,123887,8916,26491,95667,123887,8916,8916,8916,8902,8902,8975,8916,9214,8916,27856,8916,0,20834,91935,8902
2024.02.09-18.41.23,123887,8916,26608,106842,123887,8916,8916,8916,8902,8902,8975,8916,9214,8916,27973,8916,0,44059,92453,8902
2024.02.12-14.31.09,123867,8916,26608,106791,123867,8916,8916,8916,8902,8902,8975,8916,9214,8916,27973,8916,0,44054,92448,8902
2024.02.12-14.48.18,123867,8916,26608,107740,123867,8916,8916,8916,8902,8902,8975,8916,9214,8916,27973,8916,0,44054,92448,8902
2024.02.14-15.46.40,123748,8916,26532,106452,123748,8916,8916,8916,8902,8902,8975,8916,9214,8916,27897,8916,0,44005,91857,8902
2024.02.14-15.54.40,123748,8916,26599,108059,123748,8916,8916,8916,8902,8902,8975,8916,9214,8916,27964,8916,0,44029,92218,8902
2024.02.15-09.55.21,124047,8916,26594,108043,124047,8916,8916,8916,8902,8902,8975,8916,9214,8916,27959,8916,0,44022,92209,8902
2024.02.15-10.03.44,124047,8916,26594,108091,124047,8916,8916,8916,8902,8902,8975,8916,9214,8916,27959,8916,0,44022,92211,8902
2024.02.16-18.35.01,122509,8916,26249,106410,122509,8916,8916,8916,8902,8902,8975,8916,9214,8916,27614,8916,0,43300,91412,8902
2024.02.16-18.42.50,122509,8916,26255,106637,122509,8916,8916,8916,8902,8902,8975,8916,9214,8916,27620,8916,0,43300,91418,8902
2024.02.19-13.20.10,122509,8916,26255,106762,122509,8916,8916,8916,8902,8902,8975,8916,9214,8916,27620,8916,0,43300,91418,8902
2024.02.19-13.24.08,122668,8916,26234,106683,122668,8916,8916,8916,8902,8902,8975,8916,9214,8916,27599,8916,0,43276,91348,8902
2024.02.20-16.38.01,122720,8916,26228,106615,122720,8916,8916,8916,8902,8902,8975,8916,9214,8916,27593,8916,0,43250,91296,8902
2024.02.20-16.45.56,122720,8916,26232,107059,122720,8916,8916,8916,8902,8902,8975,8916,9214,8916,27597,8916,0,43250,91300,8902
2024.02.21-16.33.54,123099,8916,26115,106637,123099,8916,8916,8916,8902,8902,8975,8916,9214,8916,27480,8916,0,43200,90931,8902
2024.02.21-16.41.54,123099,8916,26164,106889,123099,8916,8916,8916,8902,8902,8975,8916,9214,8916,27529,8916,0,65749,91140,8902
2024.02.22-16.45.04,123416,8916,26009,106729,123416,8916,8916,8916,8902,8902,8975,8916,9214,8916,27374,8916,0,65710,90980,8902
2024.02.22-16.53.14,123416,8916,26121,106869,123416,8916,8916,8916,8902,8902,8975,8916,9214,8916,27486,8916,0,65710,91092,8902
2024.02.23-17.26.07,123104,8916,25527,105428,123104,8916,8916,8916,8902,8902,8975,8916,9214,8916,26892,8916,0,64393,90184,8902
2024.02.23-17.35.31,123104,8916,25527,105445,123104,8916,8916,8916,8902,8902,8975,8916,9214,8916,26892,8916,0,64398,90184,8902
2024.02.26-15.25.29,123104,8916,25527,105576,123104,8916,8916,8916,8902,8902,8975,8916,9214,8916,26892,8916,0,64398,90184,8902
2024.02.26-15.29.25,123095,8916,25527,105516,123095,8916,8916,8916,8902,8902,8975,8916,9214,8916,26892,8916,0,64389,90178,8902
2024.02.28-12.18.04,123095,8916,25525,105534,123095,8916,8916,8916,8902,8902,8975,8916,9214,8916,26890,8916,0,64389,90184,8902
2024.02.28-12.20.17,125078,8916,25305,104438,125078,8916,8916,8916,8902,8902,8975,8916,9214,8916,26670,8916,0,64040,89285,8902
2024.02.29-13.53.43,125078,8916,25071,104778,125078,8916,8916,8916,8902,8902,8975,8916,9214,8916,26436,8916,0,64148,89032,8902
2024.02.29-13.58.52,124510,8916,25272,104351,124510,8916,8916,8916,8902,8902,8975,8916,9214,8916,26637,8916,0,63612,88614,8902
2024.02.29-15.16.52,124783,8916,25270,104277,124783,8916,8916,8916,8902,8902,8975,8916,9214,8916,26635,8916,0,63533,88540,8902
2024.02.29-15.26.24,124783,8916,25301,104537,124783,8916,8916,8916,8902,8902,8975,8916,9214,8916,26666,8916,0,63566,88681,8902
2024.03.01-15.17.34,124783,8916,25225,104669,124783,8916,8916,8916,8902,8902,8975,8916,9214,8916,26590,8916,0,63570,88502,8902
2024.03.01-15.43.41,125290,8916,25213,104615,125290,8916,8916,8916,8902,8902,8975,8916,9214,8916,26578,8916,0,63465,88481,8902
2024.03.04-16.33.23,125936,8916,25203,104148,125936,8916,8916,8916,8902,8902,8975,8916,9214,8916,26568,8916,0,63412,88147,8902
2024.03.04-16.41.43,125936,8916,25338,105192,125936,8916,8916,8916,8902,8902,8975,8916,9214,8916,26703,8916,0,63415,88928,8902
2024.03.07-11.27.34,131856,8916,25292,104154,131856,8916,8916,8916,8902,8902,8975,8916,9214,8916,26657,8916,0,62780,87924,8902
2024.03.07-11.36.44,131856,8916,25463,106042,131856,8916,8916,8916,8902,8902,8975,8916,9214,8916,26828,8916,0,63729,89164,8902
2024.03.08-16.24.26,131856,8916,25463,106257,131856,8916,8916,8916,8902,8902,8975,8916,9214,8916,26828,8916,0,63729,89164,8902
2024.03.08-16.28.03,132334,8916,25442,105920,132334,8916,8916,8916,8902,8902,8975,8916,9214,8916,26807,8916,0,63488,88850,8902
2024.03.08-18.00.17,132334,8916,25445,106120,132334,8916,8916,8916,8902,8902,8975,8916,9214,8916,26810,8916,0,63619,89019,8902
2024.03.11-13.24.11,133279,8890,25442,106087,133279,8890,8890,8890,8876,8876,8949,8890,9188,8890,26807,8890,0,63590,88990,8876
2024.03.11-13.33.15,133279,8890,25446,115026,133279,8890,8890,8890,8876,8876,8949,8890,9188,8890,26811,8890,0,63594,88994,8876
2024.03.11-22.45.47,133279,8890,25446,115189,133279,8890,8890,8890,8876,8876,8949,8890,9188,8890,26811,8890,0,63594,88994,8876
2024.03.11-23.05.11,133511,8890,25415,115026,133511,8890,8890,8890,8876,8876,8949,8890,9188,8890,26780,8890,0,63505,88894,8876
2024.03.12-09.45.49,133511,8890,25496,115298,133511,8890,8890,8890,8876,8876,8949,8890,9188,8890,26861,8890,0,63601,89109,8876
2024.03.14-12.15.46,128435,8890,25367,102110,128435,8890,8890,8890,8876,8876,8949,8890,9188,8890,26732,8890,0,59536,84868,8876
2024.03.14-12.23.33,128435,8890,25465,113477,128435,8890,8890,8890,8876,8876,8949,8890,9188,8890,26830,8890,0,60009,85423,8876
2024.03.14-14.39.27,128435,8890,25423,113407,128435,8890,8890,8890,8876,8876,8949,8890,9188,8890,26788,8890,0,59981,85353,8876
2024.03.14-14.43.06,128381,8890,25196,113059,128381,8890,8890,8890,8876,8876,8949,8890,9188,8890,26561,8890,0,59649,85057,8876
2024.03.15-17.13.36,124798,8890,25175,109595,124798,8890,8890,8890,8876,8876,8949,8890,9188,8890,26540,8890,0,56365,81752,8876
2024.03.15-17.56.14,124798,8890,25225,110996,124798,8890,8890,8890,8876,8876,8949,8890,9188,8890,26590,8890,0,56365,81842,8876
2024.03.18-09.19.43,124802,8890,25218,110989,124802,8890,8890,8890,8876,8876,8949,8890,9188,8890,26583,8890,0,56358,81835,8876
2024.03.18-09.27.21,124802,8890,25218,111032,124802,8890,8890,8890,8876,8876,8949,8890,9188,8890,26583,8890,0,62422,81835,8876
2024.03.18-10.05.53,124809,8890,25218,111032,124809,8890,8890,8890,8876,8876,8949,8890,9188,8890,26583,8890,0,62422,81835,8876
2024.03.18-13.54.05,124792,8890,25173,110976,124792,8890,8890,8890,8876,8876,8949,8890,9188,8890,26538,8890,0,62377,81790,8876
2024.03.18-14.01.18,124792,8890,25173,113022,124792,8890,8890,8890,8876,8876,8949,8890,9188,8890,26538,8890,0,62377,81790,8876
2024.03.19-09.36.56,122983,8890,23224,111003,122983,8890,8890,8890,8876,8876,8949,8890,9188,8890,24589,8890,0,60460,79840,8876
2024.03.19-09.44.46,122983,8890,23253,112036,122983,8890,8890,8890,8876,8876,8949,8890,9188,8890,24618,8890,0,60489,79869,8876
2024.03.19-14.56.39,120596,8890,22598,110244,120596,8890,8890,8890,8876,8876,8949,8890,9188,8890,23963,8890,0,58836,78330,8876
2024.03.19-15.08.03,120596,8890,22616,110567,120596,8890,8890,8890,8876,8876,8949,8890,9188,8890,23981,8890,0,62063,78348,8876
2024.03.20-10.59.26,89971,8884,18208,84277,89971,8884,8884,8884,8870,8870,8943,8884,9182,8884,19573,8884,0,61395,57385,8870
2024.03.20-11.09.11,89971,8884,18208,84310,89971,8884,8884,8884,8870,8870,8943,8884,9182,8884,19573,8884,0,61395,57385,8870
2024.03.20-18.46.52,89955,8884,18208,84301,89955,8884,8884,8884,8870,8870,8943,8884,9182,8884,19573,8884,0,61395,57385,8870
2024.03.20-18.53.39,89955,8884,18208,84305,89955,8884,8884,8884,8870,8870,8943,8884,9182,8884,19573,8884,0,61395,57385,8870
2024.03.21-11.02.23,89955,8884,18208,84307,89955,8884,8884,8884,8870,8870,8943,8884,9182,8884,19573,8884,0,61395,57385,8870
2024.03.21-11.09.30,120549,8884,18208,84307,120549,8884,8884,8884,8870,8870,8943,8884,9182,8884,19573,8884,0,61395,57385,8870
2024.03.22-12.30.00,120838,8884,18208,84242,120838,8884,8884,8884,8870,8870,8943,8884,9182,8884,19573,8884,0,61367,57385,8870
2024.03.22-12.52.19,120838,8554,22436,110183,120838,8554,8554,8554,8540,8540,8613,8554,8852,8554,23801,8554,0,61685,77985,8540
2024.04.10-09.14.24,120838,8890,22511,110880,120838,8890,8890,8890,8876,8876,8949,8890,9188,8890,23876,8890,0,81866,78043,8876
2024.04.10-09.17.42,123350,8890,22366,110064,123350,8890,8890,8890,8876,8876,8949,8890,9188,8890,23731,8890,0,81706,77171,8876
2024.04.10-17.09.26,123680,8890,22366,110035,123680,8890,8890,8890,8876,8876,8949,8890,9188,8890,23731,8890,0,81687,77150,8876
2024.04.10-17.18.23,123680,8890,22388,110773,123680,8890,8890,8890,8876,8876,8949,8890,9188,8890,23753,8890,0,81714,77223,8876
2024.04.11-17.37.07,124495,8890,22372,110670,124495,8890,8890,8890,8876,8876,8949,8890,9188,8890,23737,8890,0,81706,77141,8876
2024.04.11-17.45.36,124495,8890,22386,111524,124495,8890,8890,8890,8876,8876,8949,8890,9188,8890,23751,8890,0,82386,77229,8876
2024.04.12-16.41.38,124679,8890,22386,111471,124679,8890,8890,8890,8876,8876,8949,8890,9188,8890,23751,8890,0,82346,77199,8876
2024.04.12-16.49.55,124679,8890,22386,111984,124679,8890,8890,8890,8876,8876,8949,8890,9188,8890,23751,8890,0,82349,77204,8876
2024.04.15-17.00.46,121756,8890,21340,108597,121756,8890,8890,8890,8876,8876,8949,8890,9188,8890,22705,8890,0,81912,74244,8876
2024.04.15-17.08.14,121756,8890,21340,108869,121756,8890,8890,8890,8876,8876,8949,8890,9188,8890,22705,8890,0,81912,74257,8876
2024.04.16-16.58.45,122976,8890,21340,108632,122976,8890,8890,8890,8876,8876,8949,8890,9188,8890,22705,8890,0,81808,74197,8876
2024.04.16-17.06.37,122976,8890,21340,108776,122976,8890,8890,8890,8876,8876,8949,8890,9188,8890,22705,8890,0,81817,74212,8876
2024.04.17-12.11.13,123250,8890,21340,108739,123250,8890,8890,8890,8876,8876,8949,8890,9188,8890,22705,8890,0,81780,74212,8876
2024.04.17-17.14.30,123612,8890,21338,108727,123612,8890,8890,8890,8876,8876,8949,8890,9188,8890,22703,8890,0,81770,74208,8876
2024.04.17-17.21.58,123612,9727,21340,108729,123612,9727,9727,9727,8876,8876,9786,9727,10025,9727,22705,9727,0,81770,74210,8876
2024.04.18-17.02.58,124570,9727,21330,108670,124570,9727,9727,9727,8876,8876,9786,9727,10025,9727,22695,9727,0,81711,74194,8876
2024.04.18-17.10.26,124570,9727,21330,108841,124570,9727,9727,9727,8876,8876,9786,9727,10025,9727,22695,9727,0,81711,74194,8876
2024.04.19-17.43.08,125101,9727,21303,108773,125101,9727,9727,9727,8876,8876,9786,9727,10025,9727,22668,9727,0,81644,74149,8876
2024.04.19-17.50.37,125101,9727,21303,109546,125101,9727,9727,9727,8876,8876,9786,9727,10025,9727,22668,9727,0,81674,74179,8876
2024.04.22-16.57.19,125101,9599,21303,109387,125101,9599,9599,9599,8876,8876,9658,9599,9897,9599,22668,9599,0,81343,74067,8876
2024.04.23-20.50.58,131709,9599,21224,109518,131709,9599,9599,9599,8876,8876,9658,9599,9897,9599,22589,9599,0,81462,74239,8876
2024.04.23-20.59.01,131709,9727,21227,115282,131709,9727,9727,9727,8876,8876,9786,9727,10025,9727,22592,9727,0,81591,74245,8876
2024.04.24-10.15.23,131946,9727,21227,115282,131946,9727,9727,9727,8876,8876,9786,9727,10025,9727,22592,9727,0,81591,74245,8876
2024.04.24-17.33.10,131974,9727,21227,115066,131974,9727,9727,9727,8876,8876,9786,9727,10025,9727,22592,9727,0,81418,74052,8876
2024.04.24-17.42.12,131974,9959,21227,115189,131974,9959,9959,9959,9108,9108,10018,9959,10257,9959,22592,9959,0,81507,74163,9108
2024.04.25-08.54.35,132260,9959,21227,114917,132260,9959,9959,9959,9108,9108,10018,9959,10257,9959,22592,9959,0,81480,74006,9108
2024.04.25-17.15.03,132535,9959,21162,114816,132535,9959,9959,9959,9108,9108,10018,9959,10257,9959,22527,9959,0,81421,73923,9108
2024.04.25-17.24.08,132535,9959,21162,115426,132535,9959,9959,9959,9108,9108,10018,9959,10257,9959,22527,9959,0,81424,73992,9108
2024.04.26-16.18.23,132535,9948,21147,115612,132535,9948,9948,9948,9097,9097,10007,9948,10246,9948,22512,9948,0,81398,73966,9097
2024.04.26-16.21.10,132438,9962,21007,114110,132438,9962,9962,9962,9111,9111,10021,9962,10260,9962,22372,9962,0,80072,72952,9111
2024.04.26-18.36.40,132609,9858,21007,113636,132609,9858,9858,9858,9007,9007,9917,9858,10156,9858,22372,9858,0,79633,72508,9007
2024.04.26-18.44.41,132609,9858,21022,113813,132609,9858,9858,9858,9007,9007,9917,9858,10156,9858,22387,9858,0,79648,72547,9007
2024.04.29-09.01.23,132609,9858,21022,113822,132609,9858,9858,9858,9007,9007,9917,9858,10156,9858,22387,9858,0,79648,72547,9007
2024.04.29-09.07.54,134266,9858,21022,113816,134266,9858,9858,9858,9007,9007,9917,9858,10156,9858,22387,9858,0,79642,72541,9007
2024.04.29-13.51.56,134308,9626,20971,113027,134308,9626,9626,9626,9007,9007,9685,9626,9924,9626,22336,9626,0,79055,72147,9007
2024.04.29-15.03.52,130565,9528,20471,108645,130565,9528,9528,9528,8909,8909,9587,9528,9826,9528,21836,9528,0,74711,70555,8909
2024.04.29-15.18.27,130565,9528,20471,109252,130565,9528,9528,9528,8909,8909,9587,9528,9826,9528,21836,9528,0,74711,70555,8909
2024.04.30-09.54.44,130565,9528,20471,110502,130565,9528,9528,9528,8909,8909,9587,9528,9826,9528,21836,9528,0,74625,70469,8909
2024.04.30-10.01.53,131203,9528,20471,110312,131203,9528,9528,9528,8909,8909,9587,9528,9826,9528,21836,9528,0,74617,70317,8909
2024.04.30-17.31.41,131240,9528,20471,109950,131240,9528,9528,9528,8909,8909,9587,9528,9826,9528,21836,9528,0,74469,70006,8909
2024.04.30-17.41.30,131240,9528,20471,110635,131240,9528,9528,9528,8909,8909,9587,9528,9826,9528,21836,9528,0,74555,70282,8909
2024.05.04-21.50.46,131240,9528,20471,110926,131240,9528,9528,9528,8909,8909,9587,9528,9826,9528,21836,9528,0,74555,70282,8909
2024.05.04-21.57.46,131478,9528,20337,110553,131478,9528,9528,9528,8909,8909,9587,9528,9826,9528,21702,9528,0,74240,70008,8909
2024.05.06-12.29.33,134636,9528,20337,110543,134636,9528,9528,9528,8909,8909,9587,9528,9826,9528,21702,9528,0,74233,70008,8909
2024.05.06-12.38.02,134636,26139,20337,114657,134636,26139,26139,26139,26139,26139,26174,26139,26437,26139,21702,26139,0,77684,70018,26139
2024.05.15-13.00.36,142159,26137,20239,112874,142159,26137,26137,26137,26137,26137,26172,26137,26435,26137,21603,26137,0,76526,68511,26137
2024.05.15-13.09.38,142159,26628,20275,123541,142159,26628,26628,26628,26444,26444,26663,26628,26926,26628,21639,26628,0,77075,68716,26444
2024.05.15-17.16.24,141520,26628,20275,122676,141520,26628,26628,26628,26444,26444,26663,26628,26926,26628,21639,26628,0,76988,68450,26444
2024.05.15-17.29.59,141520,26628,20278,123134,141520,26628,26628,26628,26444,26444,26663,26628,26926,26628,21642,26628,0,77109,68718,26444
2024.05.16-17.11.34,143987,26628,20268,122419,143987,26628,26628,26628,26444,26444,26663,26628,26926,26628,21632,26628,0,76667,68238,26444
2024.05.16-17.23.27,143987,26628,20268,123681,143987,26628,26628,26628,26444,26444,26663,26628,26926,26628,21632,26628,0,76667,68238,26444
2024.05.17-15.10.22,144424,26628,20268,123615,144424,26628,26628,26628,26444,26444,26663,26628,26926,26628,21632,26628,0,76655,68188,26444
2024.05.17-17.31.37,144832,26628,20268,123615,144832,26628,26628,26628,26444,26444,26663,26628,26926,26628,21632,26628,0,76655,68188,26444
2024.05.17-17.46.47,144832,26678,20268,125225,144832,26678,26678,26678,26494,26494,26713,26678,26976,26678,21632,26678,0,76854,68387,26494
2024.05.20-18.29.23,148432,26678,20268,124786,148432,26678,26678,26678,26494,26494,26713,26678,26976,26678,21632,26678,0,76852,68212,26494
2024.05.20-18.42.46,148432,34124,20268,131265,148432,34124,34124,34124,33940,33940,34159,34124,34422,34124,21632,34124,0,78190,68212,33940
2024.05.21-15.19.51,148671,34124,0,131149,148671,34124,34124,34124,33940,33940,34159,34124,34422,34124,0,34124,0,78092,0,33940
2024.05.21-15.30.38,148671,34124,0,131301,148671,34124,34124,34124,33940,33940,34159,34124,34422,34124,0,34124,0,78095,0,33940
2024.05.21-15.45.04,148562,34124,0,131258,148562,34124,34124,34124,33940,33940,34159,34124,34422,34124,0,34124,0,78095,0,33940
2024.05.21-16.14.28,147639,34119,0,130363,147639,34119,34119,34119,33935,33935,34154,34119,34417,34119,0,34119,0,77208,0,33935
2024.05.21-16.45.17,147639,34119,0,130554,147639,34119,34119,34119,33935,33935,34154,34119,34417,34119,0,34119,0,77208,0,33935
2024.05.22-12.02.56,148727,34119,0,130534,148727,34119,34119,34119,33935,33935,34154,34119,34417,34119,0,34119,0,77188,0,33935
2024.05.22-16.46.36,148672,34119,0,130284,148672,34119,34119,34119,33935,33935,34154,34119,34417,34119,0,34119,0,77181,0,33935
2024.05.22-16.57.43,148672,34119,0,131553,148672,34119,34119,34119,33935,33935,34154,34119,34417,34119,0,34119,0,77181,0,33935
2024.05.23-16.47.57,152067,34119,0,131419,152067,34119,34119,34119,33935,33935,34154,34119,34417,34119,0,34119,0,77131,0,33935
2024.05.23-16.59.15,152067,34119,0,132572,152067,34119,34119,34119,33935,33935,34154,34119,34417,34119,0,34119,0,77131,0,33935
2024.05.24-13.06.50,152067,34119,0,133014,152067,34119,34119,34119,33935,33935,34154,34119,34417,34119,0,34119,0,77075,0,33935
2024.05.24-18.11.18,152752,34119,0,132862,152752,34119,34119,34119,33935,33935,34154,34119,34417,34119,0,34119,0,77075,0,33935
2024.05.24-18.23.54,152752,34119,0,133028,152752,34119,34119,34119,33935,33935,34154,34119,34417,34119,0,34119,0,77131,0,33935
2024.05.27-16.25.15,155523,34119,0,132911,155523,34119,34119,34119,33935,33935,34154,34119,34417,34119,0,34119,0,77107,0,33935
2024.05.27-16.59.22,155547,34119,0,132911,155547,34119,34119,34119,33935,33935,34154,34119,34417,34119,0,34119,0,77107,0,33935
2024.05.27-17.10.42,155547,34119,0,133752,155547,34119,34119,34119,33935,33935,34154,34119,34417,34119,0,34119,0,77131,0,33935
2024.05.28-12.23.21,156498,34119,0,133733,156498,34119,34119,34119,33935,33935,34154,34119,34417,34119,0,34119,0,77117,0,33935
2024.05.28-12.54.46,156498,34119,0,133778,156498,34119,34119,34119,33935,33935,34154,34119,34417,34119,0,34119,0,77117,0,33935
2024.05.28-17.06.09,161539,34119,0,133589,161539,34119,34119,34119,33935,33935,34154,34119,34417,34119,0,34119,0,77023,0,33935
2024.05.28-17.31.28,161539,34119,0,133836,161539,34119,34119,34119,33935,33935,34154,34119,34417,34119,0,34119,0,77025,0,33935
2024.05.29-10.15.00,161993,34119,0,133829,161993,34119,34119,34119,33935,33935,34154,34119,34417,34119,0,34119,0,77018,0,33935
2024.05.29-11.56.22,163049,34119,0,133726,163049,34119,34119,34119,33935,33935,34154,34119,34417,34119,0,34119,0,76929,0,33935
2024.05.29-13.15.22,163368,34119,0,133714,163368,34119,34119,34119,33935,33935,34154,34119,34417,34119,0,34119,0,76929,0,33935
2024.05.29-16.47.59,163315,34109,0,133596,163315,34109,34109,34109,33925,33925,34144,34109,34407,34109,0,34109,0,76826,0,33925
2024.05.29-17.01.56,163315,34109,0,135068,163315,34109,34109,34109,33925,33925,34144,34109,34407,34109,0,34109,0,76826,0,33925
2024.05.30-13.27.19,163315,54837,0,135243,163315,54837,54837,54837,54653,54653,54872,54837,55135,54837,0,54837,0,83585,0,54653
2024.05.30-13.32.24,163551,54837,0,135237,163551,54837,54837,54837,54653,54653,54872,54837,55135,54837,0,54837,0,83585,0,54653
2024.05.31-11.22.22,163551,54847,0,135292,163551,54847,54847,54847,54663,54663,54882,54847,55145,54847,0,54847,0,83640,0,54663
2024.05.31-11.34.39,163673,54847,0,135283,163673,54847,54847,54847,54663,54663,54882,54847,55145,54847,0,54847,0,83640,0,54663
2024.06.03-09.36.21,163673,54847,0,135311,163673,54847,54847,54847,54663,54663,54882,54847,55145,54847,0,54847,0,83640,0,54663
2024.06.03-09.43.57,163719,54832,0,135256,163719,54832,54832,54832,54648,54648,54867,54832,55130,54832,0,54832,0,83622,0,54648
2024.06.10-13.24.25,166380,54812,0,134954,166380,54812,54812,54812,54628,54628,54847,54812,55110,54812,0,54812,0,83523,0,54628
2024.06.10-13.49.19,166380,77948,0,140959,166380,77948,77948,77948,77764,77764,77979,77948,78246,77948,0,77948,0,100682,0,77764
2024.06.11-16.43.54,155316,76394,0,133663,155316,76394,76394,76394,76210,76210,76425,76394,76692,76394,0,76394,0,97193,0,76210
2024.06.11-17.10.40,155316,76433,0,133895,155316,76433,76433,76433,76249,76249,76464,76433,76731,76433,0,76433,0,97232,0,76249
2024.06.12-10.13.35,154597,76293,0,131662,154597,76293,76293,76293,76109,76109,76324,76293,76591,76293,0,76293,0,96343,0,76109
2024.06.12-11.18.52,154430,76287,0,131590,154430,76287,76287,76287,76103,76103,76318,76287,76585,76287,0,76287,0,96337,0,76103
2024.06.12-13.03.06,153898,76138,0,130636,153898,76138,76138,76138,75954,75954,76169,76138,76436,76138,0,76138,0,95497,0,75954
2024.06.12-13.26.30,153898,76153,0,132263,153898,76153,76153,76153,75969,75969,76184,76153,76451,76153,0,76153,0,95842,0,75969
2024.06.12-17.39.58,153004,76141,0,132195,153004,76141,76141,76141,75957,75957,76172,76141,76439,76141,0,76141,0,95808,0,75957
2024.06.12-17.56.21,153004,76141,0,132867,153004,76141,76141,76141,75957,75957,76172,76141,76439,76141,0,76141,0,95808,0,75957
2024.06.13-16.02.12,152869,76055,0,132704,152869,76055,76055,76055,75871,75871,76086,76055,76353,76055,0,76055,0,95722,0,75871
2024.06.13-16.15.46,152869,76170,0,132791,152869,76170,76170,76170,75986,75986,76201,76170,76468,76170,0,76069,0,95813,0,75986
2024.06.14-17.26.23,153560,76006,0,132450,153560,76006,76006,76006,75822,75822,76037,76006,76304,76006,0,75905,0,95557,0,75822
2024.06.14-17.37.40,153560,76150,0,132617,153560,76150,76150,76150,75966,75966,76181,76150,76448,76150,0,76129,0,95675,0,75966
2024.06.15-12.10.20,153560,76646,0,132617,153560,76646,76646,76646,76462,76462,76677,76646,76944,76646,0,76646,0,96043,0,76462
2024.06.15-12.20.30,153625,76646,0,132617,153625,76646,76646,76646,76462,76462,76677,76646,76944,76646,0,76646,0,96043,0,76462
2024.06.17-17.24.44,149037,76615,0,131449,149037,76615,76615,76615,76431,76431,76646,76615,76913,76615,0,76615,0,95945,0,76431
2024.06.17-17.36.45,149037,76615,0,133301,149037,76615,76615,76615,76431,76431,76646,76615,76913,76615,0,76615,0,95945,0,76431
2024.06.18-16.55.16,149345,76366,0,132923,149345,76366,76366,76366,76182,76182,76397,76366,76664,76366,0,76366,0,95660,0,76182
2024.06.18-17.06.09,149345,76366,0,134024,149345,76366,76366,76366,76182,76182,76397,76366,76664,76366,0,76366,0,95660,0,76182
2024.06.19-16.54.38,150004,76300,0,133854,150004,76300,76300,76300,76116,76116,76331,76300,76598,76300,0,76300,0,95546,0,76116
2024.06.19-17.07.04,150004,76348,0,135531,150004,76348,76348,76348,76164,76164,76379,76348,76646,76348,0,76348,0,95594,0,76164
2024.06.20-08.50.08,150004,76348,0,136122,150004,76348,76348,76348,76164,76164,76379,76348,76646,76348,0,76348,0,95594,0,76164
2024.06.20-08.55.40,150391,76348,0,136107,150391,76348,76348,76348,76164,76164,76379,76348,76646,76348,0,76348,0,95594,0,76164
2024.06.20-17.13.31,150809,76345,0,136093,150809,76345,76345,76345,76161,76161,76376,76345,76643,76345,0,76345,0,95585,0,76161
2024.06.20-17.24.42,150809,76414,0,136179,150809,76414,76414,76414,76230,76230,76445,76414,76712,76414,0,76414,0,95654,0,76230
2024.06.21-17.15.21,150398,76389,0,135744,150398,76389,76389,76389,76205,76205,76420,76389,76687,76389,0,76389,0,95540,0,76205
2024.06.21-17.26.42,150398,76408,0,136632,150398,76408,76408,76408,76224,76224,76439,76408,76706,76408,0,76408,0,95559,0,76224
2024.06.24-16.57.39,150024,75972,0,135738,150024,75972,75972,75972,75788,75788,76003,75972,76270,75972,0,75972,0,94895,0,75788
2024.06.24-17.08.44,150024,75978,0,136588,150024,75978,75978,75978,75794,75794,76009,75978,76276,75978,0,75978,0,94901,0,75794
2024.06.25-16.52.38,150601,75927,0,136507,150601,75927,75927,75927,75743,75743,75958,75927,76225,75927,0,75927,0,94838,0,75743
2024.06.25-17.03.53,150601,76030,0,138376,150601,76030,76030,76030,75846,75846,76061,76030,76328,76030,0,76030,0,94941,0,75846
2024.06.26-17.16.31,152479,75904,0,137549,152479,75904,75904,75904,75720,75720,75935,75904,76202,75904,0,75904,0,94370,0,75720
2024.06.26-17.27.44,152479,75904,0,140643,152479,75904,75904,75904,75720,75720,75935,75904,76202,75904,0,75904,0,94409,0,75720
2024.06.27-19.15.56,152853,75904,0,140459,152853,75904,75904,75904,75720,75720,75935,75904,76202,75904,0,75904,0,94409,0,75720
2024.06.27-19.27.05,152853,88589,0,144715,152853,88589,88589,88589,88405,88405,88620,88589,88887,88589,0,88589,0,101756,0,88405
2024.06.28-18.29.47,153458,88571,0,144683,153458,88571,88571,88571,88387,88387,88602,88571,88869,88571,0,88571,0,101728,0,88387
2024.06.28-18.42.28,153458,88571,0,145407,153458,88571,88571,88571,88387,88387,88602,88571,88869,88571,0,88571,0,101768,0,88387
2024.07.01-16.59.10,153504,88266,0,144713,153504,88266,88266,88266,88082,88082,88297,88266,88564,88266,0,88266,0,101232,0,88082
2024.07.01-17.10.13,153504,88538,0,146090,153504,88538,88538,88538,88354,88354,88569,88538,88836,88538,0,88538,0,101701,0,88354
2024.07.02-08.17.11,153504,88538,0,146103,153504,88538,88538,88538,88354,88354,88569,88538,88836,88538,0,88538,0,101701,0,88354
2024.07.02-08.20.30,153737,88538,0,146103,153737,88538,88538,88538,88354,88354,88569,88538,88836,88538,0,88538,0,101701,0,88354
2024.07.02-17.24.19,153638,88532,0,145872,153638,88532,88532,88532,88348,88348,88563,88532,88830,88532,0,88532,0,101695,0,88348
2024.07.02-17.35.46,153638,88536,0,146720,153638,88536,88536,88536,88352,88352,88567,88536,88834,88536,0,88536,0,101699,0,88352
2024.07.03-17.08.37,153638,88536,0,148311,153638,88536,88536,88536,88352,88352,88567,88536,88834,88536,0,88536,0,101699,0,88352
2024.07.04-19.02.52,152949,88289,0,146492,152949,88289,88289,88289,88105,88105,88320,88289,88587,88289,0,88289,0,101281,0,88105
2024.07.04-19.13.56,152949,101481,0,149581,152949,101481,101481,101481,101297,101297,101512,101481,101779,101481,0,101481,0,112565,0,101297
2024.07.05-18.03.31,152949,101481,0,149175,152949,101481,101481,101481,101297,101297,101512,101481,101779,101481,0,101481,0,112160,0,101297
2024.07.05-18.08.32,154527,101481,0,149944,154527,101481,101481,101481,101297,101297,101512,101481,101779,101481,0,101481,0,112573,0,101297
2024.07.09-16.50.39,154787,101459,0,149766,154787,101459,101459,101459,101275,101275,101490,101459,101757,101459,0,101459,0,112538,0,101275
2024.07.09-17.01.53,154787,101489,0,151781,154787,101489,101489,101489,101305,101305,101520,101489,101787,101489,0,101489,0,112579,0,101305
2024.07.10-16.35.15,154866,101340,0,151473,154866,101340,101340,101340,101156,101156,101371,101340,101638,101340,0,101340,0,112304,0,101156
2024.07.10-16.46.55,154866,101443,0,151810,154866,101443,101443,101443,101259,101259,101474,101443,101741,101443,0,101443,0,112416,0,101259
2024.07.11-17.11.19,154866,101443,0,151838,154866,101443,101443,101443,101259,101259,101474,101443,101741,101443,0,101443,0,112416,0,101259
2024.07.12-17.13.06,156180,101390,0,151614,156180,101390,101390,101390,101206,101206,101421,101390,101688,101390,0,101390,0,112237,0,101206
2024.07.12-17.24.38,156180,101390,0,151693,156180,101390,101390,101390,101206,101206,101421,101390,101688,101390,0,101390,0,112237,0,101206
2024.07.15-17.03.15,156240,101378,0,151594,156240,101378,101378,101378,101194,101194,101409,101378,101676,101378,0,101378,0,112225,0,101194
2024.07.15-17.24.48,156240,101386,0,152698,156240,101386,101386,101386,101202,101202,101417,101386,101684,101386,0,101386,0,112233,0,101202
2024.07.16-13.06.47,156365,101382,0,152675,156365,101382,101382,101382,101198,101198,101413,101382,101680,101382,0,101382,0,112229,0,101198
2024.07.16-15.16.42,156381,101382,0,152675,156381,101382,101382,101382,101198,101198,101413,101382,101680,101382,0,101382,0,112229,0,101198
2024.07.16-16.37.59,156358,101359,0,152652,156358,101359,101359,101359,101175,101175,101390,101359,101657,101359,0,101359,0,112206,0,101175
2024.07.16-16.49.00,156358,114611,0,152947,156358,114611,114611,114611,114427,114427,114642,114611,114909,114611,0,114611,0,122069,0,114427
2024.07.16-17.23.31,156358,114603,0,152939,156358,114603,114603,114603,114419,114419,114634,114603,114901,114603,0,114603,0,122061,0,114419
2024.07.16-17.28.32,156533,114440,0,152776,156533,114440,114440,114440,114256,114256,114471,114440,114738,114440,0,114440,0,121898,0,114256
2024.07.17-16.10.49,156813,114112,0,152407,156813,114112,114112,114112,113928,113928,114143,114112,114410,114112,0,114112,0,121562,0,113928
2024.07.17-16.55.22,156813,114206,0,152926,156813,114206,114206,114206,114022,114022,114237,114206,114504,114206,0,114206,0,121656,0,114022
2024.07.18-09.50.56,156877,114206,0,152926,156877,114206,114206,114206,114022,114022,114237,114206,114504,114206,0,114206,0,121656,0,114022
2024.07.18-16.55.41,157432,114206,0,152926,157432,114206,114206,114206,114022,114022,114237,114206,114504,114206,0,114206,0,121656,0,114022
2024.07.18-17.07.04,157432,114206,0,153090,157432,114206,114206,114206,114022,114022,114237,114206,114504,114206,0,114206,0,121656,0,114022
2024.07.19-10.29.11,157553,114206,0,153090,157553,114206,114206,114206,114022,114022,114237,114206,114504,114206,0,114206,0,121656,0,114022
2024.07.19-15.30.32,158651,114199,0,153070,158651,114199,114199,114199,114015,114015,114230,114199,114497,114199,0,114199,0,121641,0,114015
2024.07.19-16.46.39,158875,114195,0,153066,158875,114195,114195,114195,114011,114011,114226,114195,114493,114195,0,114195,0,121637,0,114011
2024.07.19-16.52.10,159010,114195,0,153066,159010,114195,114195,114195,114011,114011,114226,114195,114493,114195,0,114195,0,121637,0,114011
2024.07.19-17.04.54,159010,114195,0,153905,159010,114195,114195,114195,114011,114011,114226,114195,114493,114195,0,114195,0,121637,0,114011
2024.07.22-09.46.32,159044,114189,0,153895,159044,114189,114189,114189,114005,114005,114220,114189,114487,114189,0,114189,0,121631,0,114005
2024.07.22-09.57.50,159044,114189,0,154333,159044,114189,114189,114189,114005,114005,114220,114189,114487,114189,0,114189,0,121631,0,114005
2024.07.22-16.52.04,159214,114096,0,154240,159214,114096,114096,114096,113912,113912,114127,114096,114394,114096,0,114096,0,121538,0,113912
2024.07.23-11.30.07,159699,114089,0,154190,159699,114089,114089,114089,113905,113905,114120,114089,114387,114089,0,114089,0,121523,0,113905
2024.07.23-11.43.32,159699,127553,0,154273,159699,127553,127553,127553,127369,127369,127584,127553,127851,127553,0,127553,0,131935,0,127369
2024.07.23-16.42.50,159751,127553,0,154266,159751,127553,127553,127553,127369,127369,127584,127553,127851,127553,0,127553,0,131935,0,127369
2024.07.23-16.55.43,159751,127692,0,154405,159751,127692,127692,127692,127508,127508,127723,127692,127990,127692,0,127692,0,132074,0,127508
2024.07.24-16.40.45,160068,127671,0,154276,160068,127671,127671,127671,127487,127487,127702,127671,127969,127671,0,127671,0,132053,0,127487
2024.07.24-16.52.35,160068,127671,0,154306,160068,127671,127671,127671,127487,127487,127702,127671,127969,127671,0,127671,0,132053,0,127487
2024.07.25-16.35.07,160864,127666,0,154211,160864,127666,127666,127666,127482,127482,127697,127666,127964,127666,0,127666,0,132047,0,127482
2024.07.25-16.47.48,160864,127666,0,155063,160864,127666,127666,127666,127482,127482,127697,127666,127964,127666,0,127666,0,132047,0,127482
2024.07.26-17.21.57,161659,127616,0,154833,161659,127616,127616,127616,127432,127432,127647,127616,127914,127616,0,127616,0,131997,0,127432
2024.07.26-17.35.33,161659,127623,0,155019,161659,127623,127623,127623,127439,127439,127654,127623,127921,127623,0,127623,0,132004,0,127439
2024.07.29-16.28.59,162004,127497,0,154884,162004,127497,127497,127497,127313,127313,127528,127497,127795,127497,0,127497,0,131878,0,127313
2024.07.29-16.40.46,162004,127547,0,154951,162004,127547,127547,127547,127363,127363,127578,127547,127845,127547,0,127547,0,131928,0,127363
2024.07.30-10.30.01,161459,127547,0,154395,161459,127547,127547,127547,127363,127363,127578,127547,127845,127547,0,127547,0,131928,0,127363
2024.07.30-11.04.52,161459,127557,0,154729,161459,127557,127557,127557,127373,127373,127588,127557,127855,127557,0,127557,0,131928,0,127373
2024.07.30-16.16.14,162784,127533,0,154699,162784,127533,127533,127533,127349,127349,127564,127533,127831,127533,0,127533,0,131904,0,127349
2024.07.30-16.28.25,162800,127533,0,154699,162800,127533,127533,127533,127349,127349,127564,127533,127831,127533,0,127533,0,131904,0,127349
2024.07.30-16.43.11,162800,127573,0,155793,162800,127573,127573,127573,127389,127389,127604,127573,127871,127573,0,127573,0,131944,0,127389
2024.07.31-16.41.01,163167,127436,0,155477,163167,127436,127436,127436,127252,127252,127467,127436,127734,127436,0,127436,0,131807,0,127252
2024.07.31-16.57.22,163167,127554,0,158860,163167,127554,127554,127554,127370,127370,127585,127554,127852,127554,0,127554,0,131925,0,127370
2024.08.01-17.12.02,163821,127551,0,158776,163821,127551,127551,127551,127367,127367,127582,127551,127849,127551,0,127551,0,131920,0,127367
2024.08.01-17.26.13,163821,127552,0,160865,163821,127552,127552,127552,127368,127368,127583,127552,127850,127552,0,127552,0,131921,0,127368
2024.08.02-17.48.43,163814,127533,0,160838,163814,127533,127533,127533,127349,127349,127564,127533,127831,127533,0,127533,0,131902,0,127349
2024.08.02-18.02.00,163814,127538,0,161009,163814,127538,127538,127538,127354,127354,127569,127538,127836,127538,0,127538,0,131907,0,127354
2024.08.05-17.03.45,163843,127533,0,160928,163843,127533,127533,127533,127349,127349,127564,127533,127831,127533,0,127533,0,131902,0,127349
2024.08.05-17.16.04,163843,141791,0,161028,163843,141791,141791,141791,141607,141607,141822,141791,142089,141791,0,141791,0,143545,0,141607
2024.08.06-16.48.57,164314,141788,0,161005,164314,141788,141788,141788,141604,141604,141819,141788,142086,141788,0,141788,0,143542,0,141604
2024.08.06-17.29.37,164314,141793,0,161316,164314,141793,141793,141793,141609,141609,141848,141793,142096,141793,0,141798,0,143547,0,141609
2024.08.07-17.55.30,164259,141519,0,160973,164259,141519,141519,141519,141335,141335,141574,141519,141822,141519,0,141524,0,143273,0,141335
2024.08.07-18.15.42,164259,141615,0,161434,164259,141615,141615,141615,141431,141431,141687,141615,141918,141615,0,141620,0,143367,0,141431
2024.08.08-17.03.36,164414,141493,0,161286,164414,141493,141493,141493,141309,141309,141565,141493,141796,141493,0,141498,0,143245,0,141309
2024.08.08-17.16.46,164414,141513,0,161448,164414,141513,141513,141513,141329,141329,141585,141513,141816,141513,0,141518,0,143265,0,141329
2024.08.09-17.47.21,164496,141509,0,161440,164496,141509,141509,141509,141325,141325,141581,141509,141812,141509,0,141514,0,143259,0,141325
2024.08.09-18.00.12,164496,142653,0,161460,164496,142653,142653,142653,142469,142469,142725,142653,142956,142653,0,142658,0,144272,0,142469
2024.08.12-17.40.16,165120,142591,0,161340,165120,142591,142591,142591,142407,142407,142663,142591,142894,142591,0,142596,0,144210,0,142407
2024.08.12-18.37.12,165114,142585,0,161334,165114,142585,142585,142585,142401,142401,142657,142585,142888,142585,0,142590,0,144204,0,142401
2024.08.12-18.51.19,165114,142593,0,161927,165114,142593,142593,142593,142409,142409,142665,142593,142896,142593,0,142598,0,144212,0,142409
2024.08.12-22.45.45,165114,142699,0,162325,165114,142699,142699,142699,142515,142515,142771,142699,143002,142699,0,142704,0,144283,0,142515
2024.08.12-22.52.13,165200,142688,0,162295,165200,142688,142688,142688,142504,142504,142760,142688,142991,142688,0,142693,0,144272,0,142504
2024.08.13-15.20.39,165184,142680,0,162280,165184,142680,142680,142680,142496,142496,142752,142680,142983,142680,0,142685,0,144264,0,142496
2024.08.13-15.42.08,165184,142680,0,162414,165184,142680,142680,142680,142496,142496,142752,142680,142983,142680,0,142685,0,144264,0,142496
2024.08.14-17.25.28,164984,142172,0,161803,164984,142172,142172,142172,141988,141988,142244,142172,142475,142172,0,142177,0,143753,0,141988
2024.08.14-17.39.13,164984,144406,0,161957,164984,144406,144406,144406,144222,144222,144478,144406,144709,144406,0,144411,0,145987,0,144222
2024.08.16-16.11.45,165038,144386,0,161925,165038,144386,144386,144386,144202,144202,144458,144386,144689,144386,0,144391,0,145967,0,144202
2024.08.16-16.32.05,165038,144650,0,162119,165038,144650,144650,144650,144466,144466,144722,144650,144953,144650,0,144655,0,146231,0,144466
2024.08.19-07.32.42,165038,144650,0,162144,165038,144650,144650,144650,144466,144466,144722,144650,144953,144650,0,144655,0,146231,0,144466
2024.08.19-17.14.14,165024,144573,0,162067,165024,144573,144573,144573,144389,144389,144645,144573,144876,144573,0,144578,0,146154,0,144389
2024.08.19-17.31.09,165024,146670,0,162120,165024,146670,146670,146670,146486,146486,146742,146670,146973,146670,0,146675,0,147903,0,146486
2024.08.20-16.24.07,164945,146559,0,161963,164945,146559,146559,146559,146375,146375,146631,146559,146862,146559,0,146564,0,147775,0,146375
2024.08.20-16.38.22,164945,146569,0,162003,164945,146569,146569,146569,146385,146385,146641,146569,146872,146569,0,146574,0,147785,0,146385
2024.08.21-17.13.23,164980,146541,0,161960,164980,146541,146541,146541,146357,146357,146613,146541,146844,146541,0,146546,0,147757,0,146357
2024.08.21-17.28.04,164980,153856,0,162051,164980,153856,153856,153856,153672,153672,153893,153856,154159,153856,0,153861,0,155054,0,153672
2024.08.22-17.01.13,165208,153798,0,161993,165208,153798,153798,153798,153614,153614,153835,153798,154101,153798,0,153803,0,154996,0,153614
2024.08.22-17.13.51,165208,153798,0,162325,165208,153798,153798,153798,153614,153614,153835,153798,154101,153798,0,153803,0,154996,0,153614
2024.08.26-11.20.29,165891,153713,0,162235,165891,153713,153713,153713,153529,153529,153750,153713,154016,153713,0,153718,0,154911,0,153529
2024.08.26-11.32.40,165891,153748,0,163085,165891,153748,153748,153748,153564,153564,153785,153748,154051,153748,0,153753,0,154946,0,153564
2024.08.26-17.38.07,168128,153624,0,162944,168128,153624,153624,153624,153440,153440,153661,153624,153927,153624,0,153629,0,154822,0,153440
2024.08.26-17.50.56,168128,153689,0,165452,168128,153689,153689,153689,153505,153505,153726,153689,153992,153689,0,153694,0,154887,0,153505
2024.08.26-19.57.31,168128,156240,0,165452,168128,156240,156240,156240,156240,156240,156246,156240,156543,156240,0,156245,0,157591,0,156240
2024.08.26-20.03.46,168158,156240,0,165436,168158,156240,156240,156240,156240,156240,156246,156240,156543,156240,0,156245,0,157591,0,156240
2024.08.27-17.02.34,168155,156162,0,165351,168155,156162,156162,156162,156162,156162,156168,156162,156465,156162,0,156167,0,157513,0,156162
2024.08.27-17.20.05,168155,156211,0,165413,168155,156211,156211,156211,156211,156211,156217,156211,156514,156211,0,156216,0,157562,0,156211
2024.08.28-17.20.07,168224,156189,0,165389,168224,156189,156189,156189,156189,156189,156195,156189,156492,156189,0,156194,0,157540,0,156189
2024.08.28-17.32.51,168224,156485,0,165392,168224,156485,156485,156485,156485,156485,156491,156485,156788,156485,0,156490,0,157836,0,156485
2024.08.29-17.01.49,168077,156305,0,165147,168077,156305,156305,156305,156305,156305,156311,156305,156608,156305,0,156310,0,157642,0,156305
2024.08.29-17.14.02,168077,156341,0,165372,168077,156341,156341,156341,156341,156341,156347,156341,156644,156341,0,156346,0,157678,0,156341
2024.08.30-17.36.13,168157,156340,0,165368,168157,156340,156340,156340,156340,156340,156346,156340,156643,156340,0,156345,0,157677,0,156340
2024.08.30-18.09.19,168211,156338,0,165366,168211,156338,156338,156338,156338,156338,156344,156338,156641,156338,0,156343,0,157675,0,156338
2024.08.30-18.29.23,168211,156339,0,165377,168211,156339,156339,156339,156339,156339,156349,156339,156642,156339,0,156344,0,157676,0,156339
2024.09.03-17.28.27,167356,155562,0,164504,167356,155562,155562,155562,155562,155562,155572,155562,155865,155562,0,155567,0,156899,0,155562
2024.09.03-17.40.50,167356,161257,0,164652,167356,161257,161635,161319,161260,161257,161267,161257,161616,161257,0,161262,0,162342,0,161257
2024.09.04-09.05.30,167596,161252,0,164647,167596,161252,161630,161314,161255,161252,161262,161252,161611,161252,0,161257,0,162337,0,161252
2024.09.04-11.44.52,167596,161898,0,164915,167596,161898,161799,161898,161901,161898,161746,161898,162201,161898,0,161903,0,162974,0,161898
2024.09.05-20.12.06,167619,161868,0,164885,167619,161868,161777,161868,161871,161868,161724,161868,162171,161868,0,161873,0,162944,0,161868
2024.09.05-21.12.25,167619,161994,0,165011,167619,161994,161994,161994,161997,161994,161853,161994,162297,161994,0,161999,0,163070,0,161994
2024.09.08-21.07.24,167992,161971,0,164988,167992,161971,161971,161971,161974,161971,161830,161971,162274,161971,0,161976,0,163047,0,161971
2024.09.08-21.24.55,167992,162350,0,165371,167992,162350,162350,162350,162353,162350,162209,162350,162653,162350,0,162355,0,163426,0,162350
2024.09.09-12.56.17,167997,162350,0,165370,167997,162350,162350,162350,162353,162350,162209,162350,162653,162350,0,162355,0,163426,0,162350
2024.09.09-13.59.03,168008,162350,0,165370,168008,162350,162350,162350,162353,162350,162209,162350,162653,162350,0,162355,0,163426,0,162350
2024.09.09-15.29.09,167991,162315,0,165335,167991,162315,162315,162315,162318,162315,162202,162315,162618,162315,0,162320,0,163391,0,162315
2024.09.09-19.13.19,167995,162314,0,165334,167995,162314,162314,162314,162317,162314,162201,162314,162617,162314,0,162319,0,163390,0,162314
2024.09.09-19.51.53,168018,162314,0,165334,168018,162314,162314,162314,162317,162314,162201,162314,162617,162314,0,162319,0,163390,0,162314
2024.09.09-21.01.40,168018,162480,0,165437,168018,162480,162480,162480,162483,162480,162373,162480,162783,162480,0,162485,0,163556,0,162480
2024.09.10-14.13.51,168033,162479,0,165436,168033,162479,162479,162479,162482,162479,162372,162479,162782,162479,0,162484,0,163555,0,162479
2024.09.10-17.43.49,168033,162496,0,165453,168033,162496,162500,162496,162499,162496,162506,162496,162799,162496,0,162501,0,163572,0,162496
2024.09.11-16.37.17,168033,162506,0,165453,168033,162506,162510,162506,162509,162506,162516,162506,162809,162506,0,162511,0,163581,0,162506
2024.09.12-16.23.57,168033,162522,0,165469,168033,162522,162526,162522,162525,162522,162532,162522,162825,162522,0,162527,0,163597,0,162522
2024.09.13-13.10.44,168033,162521,0,165468,168033,162521,162525,162521,162524,162521,162531,162521,162824,162521,0,162526,0,163596,0,162521
2024.09.15-20.28.40,168033,162456,0,165403,168033,162456,162460,162456,162459,162456,162466,162456,162759,162456,0,162461,0,163531,0,162456
2024.09.16-18.32.00,168033,162521,0,165468,168033,162521,162525,162521,162524,162521,162531,162521,162824,162521,0,162526,0,163596,0,162521
2024.09.18-10.27.14,168346,162499,0,165445,168346,162499,162503,162499,162502,162499,162509,162499,162802,162499,0,162504,0,163574,0,162499
2024.09.18-18.00.31,168346,162844,0,165790,168346,162844,162848,162844,162847,162844,162854,162844,163147,162844,0,162849,0,163919,0,162844
2024.09.19-14.46.22,168598,162844,0,165790,168598,162844,162848,162844,162847,162844,162854,162844,163147,162844,0,162849,0,163919,0,162844
2024.09.19-16.36.51,168598,163096,0,166042,168598,163096,163100,163096,163099,163096,163106,163096,163399,163096,0,163101,0,164171,0,163096
2024.09.25-16.58.41,168588,163031,0,165977,168588,163031,163035,163031,163034,163031,163041,163031,163334,163031,0,163036,0,164106,0,163031
2024.09.25-17.48.30,168588,163049,0,165995,168588,163049,163056,163049,163052,163049,163059,163049,163352,163049,0,163054,0,164124,0,163049
2024.09.26-16.56.23,168612,163047,0,165993,168612,163047,163054,163047,163050,163047,163057,163047,163350,163047,0,163052,0,164122,0,163047
2024.09.26-17.19.35,168612,163050,0,165994,168612,163050,163054,163050,163053,163050,163060,163050,163353,163050,0,163055,0,164125,0,163050
2024.10.22-14.34.03,168612,163047,0,166052,168612,163047,163051,163047,163050,163047,163057,163047,163350,163047,0,163052,0,164122,0,163047
2024.10.22-15.11.35,168612,163091,0,166030,168612,163091,163095,163091,163094,163091,163101,163091,163394,163091,0,163096,0,164159,0,163091
2024.11.05-17.21.05,171957,162962,0,165897,171957,162962,162966,162962,162965,162962,162972,162962,163265,162962,0,162967,0,164030,0,162962
2024.11.08-10.32.16,171957,164293,0,167889,171957,164293,164297,164293,164296,164293,164302,164293,164596,164293,0,164298,0,165361,0,164293
2024.11.08-10.36.32,172144,164196,0,167792,172144,164196,164200,164196,164199,164196,164205,164196,164499,164196,0,164201,0,165264,0,164196
2024.11.14-09.51.17,172772,164187,0,167775,172772,164187,164191,164187,164190,164187,164196,164187,164490,164187,0,164192,0,165253,0,164187
2024.11.14-14.14.26,172772,164213,0,169045,172772,164213,164217,164213,164213,164213,164222,164213,164516,164213,0,164218,0,165279,0,164213
2024.11.15-09.14.20,173021,164190,0,169020,173021,164190,164194,164190,164190,164190,164199,164190,164493,164190,0,164195,0,165256,0,164190
2024.11.15-11.39.40,174268,164190,0,169020,174268,164190,164194,164190,164190,164190,164199,164190,164493,164190,0,164195,0,165256,0,164190
2024.11.15-12.03.10,174268,164205,0,169307,174268,164205,164209,164205,164205,164205,164214,164205,164508,164205,0,164210,0,165271,0,164205
2024.11.19-10.55.42,175485,164154,0,169256,175485,164154,164158,164154,164154,164154,164163,164154,164457,164154,0,164159,0,165220,0,164154
2024.11.19-11.53.37,175485,164218,0,171781,175485,164218,164222,164218,164218,164218,164227,164218,164521,164218,0,164223,0,165284,0,164218
2024.11.19-15.36.40,175504,164202,0,171765,175504,164202,164206,164202,164202,164202,164211,164202,164505,164202,0,164207,0,165268,0,164202
2024.11.19-15.53.44,175504,164221,0,171787,175504,164221,164225,164221,164221,164221,164230,164221,164524,164221,0,164226,0,165287,0,164221
2024.12.06-10.20.03,176330,164188,0,171653,176330,164188,164192,164188,164188,164188,164197,164188,164491,164188,0,164193,0,165254,0,164188
2024.12.06-10.36.26,176330,168942,0,172330,176330,168942,168946,168942,168942,168942,168951,168942,169254,168942,0,168947,0,170008,0,168942
2024.12.09-16.08.02,176330,168940,0,172324,176330,168940,168940,168940,168940,168940,168945,168940,169252,168940,0,168945,0,170006,0,168940
2024.12.10-11.31.21,176304,168882,0,172270,176304,168882,168886,168882,168882,168882,168891,168882,169194,168882,0,168887,0,169948,0,168882
2024.12.10-12.30.17,176304,168882,0,172266,176304,168882,168882,168882,168882,168882,168887,168882,169194,168882,0,168887,0,169948,0,168882
2024.12.10-12.49.54,176304,168884,0,172278,176304,168884,168888,168884,168884,168884,168893,168884,169196,168884,0,168889,0,169950,0,168884
2025.03.04-16.33.32,176304,168959,0,172394,176304,168959,168963,168959,168959,168959,168968,168959,169271,168959,0,168964,0,170025,0,168959
2025.03.04-16.48.03,188418,168480,0,171903,188418,168480,168484,168480,168480,168480,168489,168480,168792,168480,0,168485,0,169546,0,168480
2025.03.04-17.09.32,188418,169364,0,178240,188418,169364,169368,169364,169368,169364,169373,169364,169676,169364,0,169369,0,170434,0,169368
2025.03.13-10.51.23,188418,169377,0,178723,188418,169377,169381,169377,169381,169377,169386,169377,169689,169377,0,169382,0,170447,0,169381
2025.03.21-16.35.01,190838,169332,0,178666,190838,169332,169336,169332,169336,169332,169341,169332,169644,169332,0,169337,0,170402,0,169336
2025.03.21-17.02.52,190838,170078,0,180610,190838,170078,170082,170078,170082,170078,170087,170078,170385,170078,0,170083,0,171148,0,170082
2025.03.24-16.05.47,191007,170078,0,180610,191007,170078,170082,170078,170082,170078,170087,170078,170385,170078,0,170083,0,171148,0,170082
2025.03.24-16.40.27,191007,170078,0,181521,191007,170058,170082,170078,170082,170078,170087,170078,170385,170058,0,170063,0,171148,0,170082
2025.03.25-11.19.03,191007,170078,0,182033,191007,170078,170082,170078,170082,170078,170087,170078,170385,170078,0,170083,0,171148,0,170082
2025.03.28-17.42.31,191007,170076,0,182051,191007,170076,170080,170076,170080,170076,170085,170076,170383,170076,0,170081,0,171146,0,170080
2025.03.28-17.47.30,191847,170061,0,182026,191847,170061,170065,170061,170065,170061,170070,170061,170368,170061,0,170066,0,171131,0,170065
2025.04.01-12.20.44,191847,170093,0,182193,191847,170093,170097,170093,170097,170093,170102,170093,170400,170093,0,170098,0,171163,0,170097
2025.04.01-12.24.47,192414,170093,0,182193,192414,170093,170097,170093,170097,170093,170102,170093,170400,170093,0,170098,0,171163,0,170097
2025.04.04-11.03.27,192414,170590,0,182797,192414,170590,170594,170590,170140,170136,170599,170590,170443,170590,0,170141,0,171206,0,170140
2025.04.04-11.10.34,192778,170494,0,182701,192778,170494,170498,170494,170044,170040,170503,170494,170347,170494,0,170045,0,171110,0,170044
2025.04.08-17.56.23,192778,170481,0,184161,192778,170481,170485,170481,170031,170027,170490,170481,170334,170481,0,170032,0,171097,0,170031
2025.04.08-18.03.35,193081,170390,0,183912,193081,170390,170394,170390,169940,169936,170399,170390,170243,170390,0,169941,0,171006,0,169940
2025.04.10-11.40.57,193081,170430,0,184272,193081,170430,170434,170430,169980,169976,170439,170430,170283,170430,0,169981,0,171017,0,169980
2025.04.13-22.33.54,193081,170430,0,184288,193081,170430,170434,170430,169980,169976,170439,170430,170283,170430,0,169981,0,171017,0,169980
2025.04.14-11.14.05,193972,170428,0,184225,193972,170428,170432,170428,169978,169974,170437,170428,170281,170428,0,169979,0,171015,0,169978
2025.04.14-12.22.37,193972,177098,0,184415,193972,177098,177102,177098,177102,177098,177107,177098,177405,177098,0,177103,0,178139,0,177102
2025.04.14-12.34.47,193978,177098,0,184411,193978,177098,177102,177098,177102,177098,177107,177098,177405,177098,0,177103,0,178135,0,177102
2025.04.17-12.58.24,193978,177265,0,185616,193978,177265,177269,177265,177269,177265,177274,177265,177572,177265,0,177270,0,178302,0,177269
2025.04.18-17.31.32,193978,177265,0,185776,193978,177265,177269,177265,177269,177265,177274,177265,177572,177265,0,177270,0,178302,0,177269
2025.04.18-17.37.26,194929,177161,0,185561,194929,177161,177165,177161,177165,177161,177170,177161,177468,177161,0,177166,0,178198,0,177165
2025.04.22-14.44.48,194929,177176,0,186301,194929,177176,177180,177176,177180,177176,177185,177176,177483,177176,0,177181,0,178213,0,177180
2025.04.22-14.51.36,194913,177172,0,186247,194913,177172,177176,177172,177176,177172,177181,177172,177479,177172,0,177177,0,178209,0,177176
2025.04.23-19.54.03,194913,177186,0,186282,194913,177186,177190,177186,177190,177186,177195,177186,177493,177186,0,177191,0,178223,0,177190
2025.04.23-20.07.53,195065,177178,0,186267,195065,177178,177182,177178,177182,177178,177187,177178,177485,177178,0,177183,0,178215,0,177182
2025.04.25-16.09.39,195065,180916,0,186461,195065,180916,180934,180916,180920,180916,180925,180916,181223,180916,0,180921,0,181953,0,180920
2025.04.28-16.42.29,195122,180869,0,186398,195122,180869,180887,180869,180873,180869,180878,180869,181176,180869,0,180874,0,181906,0,180873
2025.04.29-09.28.53,195137,180846,0,186375,195137,180846,180864,180846,180850,180846,180855,180846,181153,180846,0,180851,0,181883,0,180850
2025.04.29-09.47.21,195137,180918,0,186496,195137,180918,180936,180918,180922,180918,180927,180918,181225,180918,0,180923,0,181955,0,180922
2025.04.30-14.23.18,195137,180926,0,186557,195137,180926,180944,180926,180930,180926,180935,180926,181233,180926,0,180931,0,181963,0,180930
2025.05.06-16.34.45,195137,181371,0,186557,195137,181371,181389,181371,180938,180934,181380,181371,181678,181371,0,181376,0,181971,0,180938
2025.05.07-11.20.37,195137,181374,0,186560,195137,181374,181392,181374,181378,181374,181383,181374,181681,181374,0,181379,0,182411,0,181378
2025.05.07-12.49.52,195088,181272,0,186458,195088,181272,181290,181272,181276,181272,181281,181272,181579,181272,0,181277,0,182309,0,181276
2025.05.07-13.07.42,195088,181323,0,186509,195088,181323,181341,181323,181327,181323,181332,181323,181630,181323,0,181328,0,182360,0,181327
2025.05.07-15.55.23,195088,181346,0,186509,195088,181346,181350,181346,181350,181346,181355,181346,181653,181346,0,181351,0,182383,0,181350
2025.05.08-17.08.55,195088,181949,0,187112,195088,181949,181953,181949,181953,181949,181958,181949,182256,181949,0,181954,0,182986,0,181953
2025.05.14-12.27.31,195144,181937,0,187096,195144,181937,181941,181937,181941,181937,181946,181937,182244,181937,0,181942,0,182974,0,181941
2025.05.14-12.55.41,195144,182009,0,187168,195144,182009,182013,182009,182013,182009,182018,182009,182316,182009,0,182014,0,183046,0,182013
